Time,PowerGenerated,AmbientTemperature,BearingShaftTemperature,GearboxBearingTemperature,GearboxOilTemperature,GeneratorRPM,GeneratorWinding1Temperature,GeneratorWinding2Temperature,MainBoxTemperature,ReactivePower,TurbineStatus,WTG,WindSpeed
2020-01-01 00:00:00+00:00,360.3612506,22.4854619,41.55423711,63.88304478,56.7573993,1061.24473,61.3568727,60.5348909,32.49983933,72.73665611,2,G01,5.546999883
2020-01-01 00:10:00+00:00,550.8144833,22.63607644,41.51749013,65.24863825,56.71368556,1222.588878,61.76158933,60.967581,32.4453125,110.1342766,2,G01,6.375833111
2020-01-01 00:20:00+00:00,658.7139832,22.6121434,41.7317713,66.55167,57.0105626,1289.27239,62.8223868,62.0894614,32.4375,134.1286021,2,G01,7.099773495
2020-01-01 00:30:00+00:00,958.6250867,22.56553447,42.26718293,69.05190857,57.77367027,1450.604747,65.02098327,64.39073687,32.38462071,193.5869106,2,G01,7.366227506
2020-01-01 00:40:00+00:00,743.454246,22.4897554,42.5659179,68.94067815,58.19829525,1333.19006,66.1477293,65.5458921,32.3599785,152.635002,2,G01,6.956224875
2020-01-01 00:50:00+00:00,556.4425789,22.42434342,42.21969873,67.95443955,58.40048267,1222.209708,65.63803592,64.99357967,32.31250073,112.3193513,2,G01,6.476373421
2020-01-01 01:00:00+00:00,496.7014926,22.34791656,41.79386956,66.83930656,58.50618844,1171.744056,64.39120778,63.707545,32.3125,100.2063794,2,G01,6.158284116
2020-01-01 01:10:00+00:00,525.9870622,22.51769767,41.65092775,67.1134535,58.44843256,1191.260178,64.09148289,63.41891378,32.3125,106.4954739,2,G01,6.2651387
2020-01-01 01:20:00+00:00,371.789686,22.4203272,41.423102,65.8603541,58.2819981,1067.82053,62.9582666,62.3013069,32.3125004,75.9072455,2,G01,5.65930475
2020-01-01 01:30:00+00:00,381.2420689,22.46448711,41.22045863,65.17349488,57.83417233,1082.945633,61.88027411,61.190136,32.29885025,76.53482884,2,G01,5.895857763
2020-01-01 01:40:00+00:00,297.7746025,22.5624158,41.0393292,64.5552384,57.6055062,1037.28405,61.0040982,60.3175857,32.2569393,61.45706625,2,G01,5.364914855
2020-01-01 01:50:00+00:00,258.0380956,22.60947378,40.86350963,63.778366,57.15682356,1029.909578,59.55304211,58.85784556,32.26298925,52.10352061,2,G01,5.306316439
2020-01-01 02:00:00+00:00,205.70424,22.7823397,40.6981089,63.0928586,56.7240286,1029.88786,58.2039816,57.5109825,32.24999,43.18587,2,G01,5.10622979
2020-01-01 02:10:00+00:00,168.780306,22.89388856,40.56002813,62.435727,56.246916,1030.0895,56.792161,56.12168833,32.19164989,34.2946676,2,G01,4.50162479
2020-01-01 02:20:00+00:00,140.9783234,22.9880482,40.441832,61.7538354,55.852389,1029.76619,55.5632281,54.9055534,32.1875,29.87132522,2,G01,4.378138744
2020-01-01 02:30:00+00:00,97.92750755,23.10634544,40.32073075,60.57996763,55.33104522,1029.963367,54.27669467,53.62552089,32.22774838,19.5699929,2,G01,3.83135981
2020-01-01 02:40:00+00:00,100.9061776,23.2470376,40.2208855,59.7573022,54.7932182,1030.21423,53.1852832,52.5288726,32.281174,19.28429532,2,G01,3.633510363
2020-01-01 02:50:00+00:00,141.5650089,23.50653644,40.10045075,60.10128875,54.51765644,1029.983178,52.53948767,51.87617333,32.38814825,28.83122566,2,G01,4.129894542
2020-01-01 03:00:00+00:00,309.2610179,23.59379778,40.06170544,61.36837989,54.58550078,1055.310767,52.93778589,52.26356722,32.555113,61.88378026,2,G01,5.347405095
2020-01-01 03:10:00+00:00,365.1275158,23.6438735,40.05367938,62.38351888,54.8064308,1076.80239,53.8530405,53.1827192,32.859375,74.16525942,2,G01,5.343163
2020-01-01 03:20:00+00:00,338.479044,23.87831456,40.02309438,62.4370545,54.93150222,1095.875356,54.40570289,53.704227,33.15723425,66.83606965,2,G01,5.33398477
2020-01-01 03:30:00+00:00,630.0544268,23.8493246,40.2012054,64.6463085,55.2817856,1251.1417,56.4944386,55.84788,33.4968563,128.3479436,2,G01,6.101468242
2020-01-01 03:40:00+00:00,504.3029156,24.11953238,40.18339171,64.77772157,55.7656635,1199.7486,57.58936537,56.94353525,33.8046825,102.5249436,2,G01,5.906699767
2020-01-01 03:50:00+00:00,527.8004942,24.2927418,40.1443101,64.9889074,56.1092506,1183.4174,58.4715667,57.8097937,34.12500044,106.6385411,2,G01,5.901510358
2020-01-01 04:00:00+00:00,363.3837661,24.64850944,40.06510788,64.00711175,56.260319,1085.715611,58.34037444,57.65367867,34.51573663,72.10114822,2,G01,5.161122006
2020-01-01 04:10:00+00:00,581.7776035,24.598727,40.1722035,65.5139785,56.5372585,1228.25613,59.2643629,58.6009746,34.85,118.6634293,2,G01,6.26478981
2020-01-01 04:20:00+00:00,445.5409605,25.04200778,40.21499663,65.54515938,57.00210422,1158.970333,59.93841889,59.30580422,35.16647256,90.888475,2,G01,5.5975419
2020-01-01 04:30:00+00:00,407.3626672,25.2298273,40.1825002,65.1538318,57.1665599,1125.29326,60.0120968,59.3289544,35.48611111,82.01693984,2,G01,5.341999879
2020-01-01 04:40:00+00:00,467.2146237,25.069741,40.15312871,65.30026714,57.217581,1157.048711,60.21411867,59.47116311,35.77678571,92.86598411,2,G01,5.552047195
2020-01-01 04:50:00+00:00,486.5177942,25.2107104,40.2615401,65.82712,57.449063,1150.70691,61.1474715,60.4341459,35.985337,100.0714215,2,G01,5.697399847
2020-01-01 05:00:00+00:00,573.195156,25.40428211,40.28432622,66.23503289,57.62308944,1214.683,61.69410522,60.968545,36.20172267,116.6336343,2,G01,5.884219845
2020-01-01 05:10:00+00:00,598.719555,25.7508969,40.48941611,67.40142344,58.1720727,1241.38041,63.0612129,62.3993631,36.43055556,122.0006643,2,G01,6.244866461
2020-01-01 05:20:00+00:00,505.8106283,25.729346,40.45980167,66.96490367,58.5003805,1165.537088,63.10978675,62.4121345,36.72959833,103.6001332,2,G01,6.145722172
2020-01-01 05:30:00+00:00,566.5281935,26.0960691,40.4949999,67.1726485,58.6356123,1215.22428,63.4821649,62.767249,36.9187496,114.8359198,,G01,6.20586985
2020-01-01 05:40:00+00:00,467.7382172,26.36425533,40.53114213,67.42143562,58.90318222,1160.894844,64.01157056,63.28836356,37.21005538,96.39574756,2,G01,5.566194344
2020-01-01 05:50:00+00:00,535.9990337,26.375066,40.5753036,67.5928002,59.1645496,1207.83363,64.2684524,63.5323727,37.4875,110.4544434,2,G01,5.896163005
2020-01-01 06:00:00+00:00,474.948603,26.49156756,40.66268725,67.6173475,59.30234344,1153.192567,64.44230167,63.700944,37.7696905,96.36946335,2,G01,5.477234875
2020-01-01 06:10:00+00:00,693.9995037,26.8392967,40.8266995,68.8377825,59.7018854,1282.72585,65.5279208,64.8300535,37.9252544,137.9166711,2,G01,6.362752374
2020-01-01 06:20:00+00:00,692.326598,27.04748078,41.113382,68.66287688,59.40813356,1300.985044,67.11385511,66.51230711,37.92950825,144.1874848,2,G01,6.522534785
2020-01-01 06:30:00+00:00,477.4722989,27.4130732,40.990194,65.4673106,57.4704777,1155.9387,66.2296855,65.5480276,37.8875,94.96835606,2,G01,5.636349794
2020-01-01 06:40:00+00:00,449.4212826,27.27530525,40.89831483,63.7709545,55.96546813,1135.993938,65.464897,64.75739525,37.90627417,92.15029742,2,G01,5.720647216
2020-01-01 06:50:00+00:00,479.6115165,27.4191925,40.8031492,63.1060626,55.4416396,1160.14886,64.5356365,63.8199223,38.00625,96.1540952,2,G01,5.659144835
2020-01-01 07:00:00+00:00,543.6587637,27.7624107,40.85899856,65.28291311,56.5711813,1200.21527,64.924406,64.2201906,38.33333333,109.3071132,2,G01,5.875120874
2020-01-01 07:10:00+00:00,588.4485772,28.2412284,40.9884971,66.5560526,57.4408835,1220.24701,65.7201961,65.0316555,38.5872047,120.0707987,2,G01,6.078060928
2020-01-01 07:20:00+00:00,585.355607,28.29002222,41.08639838,67.28096875,58.134559,1247.210478,66.09351067,65.3932,38.8281245,119.4602215,2,G01,6.27508488
2020-01-01 07:30:00+00:00,631.2617761,28.3783262,41.3602087,68.542809,58.8618524,1272.28538,67.4014251,66.7419775,38.9875,127.8931169,2,G01,6.117588761
2020-01-01 07:40:00+00:00,333.636526,28.8082,41.28942788,67.12708675,59.33761178,1054.633556,66.964175,66.25666222,39.22440288,70.42389384,2,G01,4.971094537
2020-01-01 07:50:00+00:00,495.3692078,28.6885426,41.408953,67.61531344,59.5805957,1178.64339,66.7761969,66.044413,39.375,101.9342893,2,G01,5.766655333
2020-01-01 08:00:00+00:00,379.6435723,29.1228747,41.34475711,66.98653833,59.8061624,1145.60912,66.3552522,65.5905924,39.50694444,74.41687781,2,G01,5.420994426
2020-01-01 08:10:00+00:00,386.6922202,28.9971302,41.4211868,67.5665327,60.0533632,1115.93986,66.5984146,65.8436708,39.6311356,79.72943888,2,G01,5.42281984
2020-01-01 08:20:00+00:00,539.1261789,28.83751733,41.52286438,68.60064363,60.22987533,1201.983056,66.89617,66.160176,39.75,108.7906108,2,G01,6.052599783
2020-01-01 08:30:00+00:00,398.7712705,29.257732,41.5053741,67.9200996,60.4132077,1113.75259,66.7685626,66.0089142,39.8513204,80.84788611,2,G01,5.276078753
2020-01-01 08:40:00+00:00,451.902688,29.387956,41.51209988,68.20641175,60.62552433,1153.905356,66.81855733,66.05653333,40.02372213,91.3613048,2,G01,5.513554745
2020-01-01 08:50:00+00:00,303.1173989,28.964046,41.4891441,67.5544095,60.7212349,1064.06751,66.3681634,65.6080246,40.170221,61.76575342,2,G01,4.980036658
2020-01-01 09:00:00+00:00,386.1667558,28.826566,41.513592,67.96181263,60.679194,1120.680756,66.12506156,65.36006822,40.25,78.19958932,2,G01,5.418531447
2020-01-01 09:10:00+00:00,288.9795183,29.3535578,41.4988713,67.2000499,60.6044868,1071.99685,65.4131071,64.6453794,40.2883064,57.63835167,2,G01,4.874249917
2020-01-01 09:20:00+00:00,329.1816661,29.55508733,41.48503711,67.18887478,60.57118167,1069.238133,64.99188889,64.22240067,40.3924155,66.71250739,2,G01,4.938799839
2020-01-01 09:30:00+00:00,342.8031523,29.4118582,41.4819404,67.084306,60.450791,1101.64349,64.7667224,63.9484136,40.4375,67.94371235,2,G01,4.964224795
2020-01-01 09:40:00+00:00,375.3258105,29.72983633,41.52113375,67.37967375,60.55687811,1089.240756,65.25338111,64.41949611,40.52288625,77.23825168,2,G01,5.349205126
2020-01-01 09:50:00+00:00,322.7242132,29.586357,41.51865933,67.30063067,60.57374256,1066.044833,65.52241233,64.65980622,40.60416667,65.909855,2,G01,5.114110279
2020-01-01 10:00:00+00:00,357.9137789,29.6078395,41.5733042,67.39375,60.6381088,1116.88045,65.7577495,64.889798,40.70625,72.68934045,2,G01,4.945999815
2020-01-01 10:10:00+00:00,237.2230188,29.81680056,41.5787845,66.96877813,60.66221189,1038.213,65.531164,64.65996,40.80538375,48.97902847,2,G01,4.630429206
2020-01-01 10:20:00+00:00,386.9960145,29.82219511,41.60365567,67.30701544,60.58378267,1115.341344,65.46904433,64.59547,40.85433278,76.6196943,2,G01,4.715144825
2020-01-01 10:30:00+00:00,522.6390844,29.32709367,41.72081275,68.12867575,60.72993256,1182.979811,66.18448933,65.33979544,40.875,107.9804188,2,G01,5.792727617
2020-01-01 10:40:00+00:00,536.4337711,29.1922904,41.9351607,69.2942809,61.1230509,1179.89803,67.7534212,66.963291,40.875,109.0454499,2,G01,6.168941842
2020-01-01 10:50:00+00:00,644.86155,28.89963633,42.03863638,69.81633875,61.42051511,1269.129444,68.48185722,67.697086,40.8515625,131.2787717,2,G01,6.26891477
2020-01-01 11:00:00+00:00,793.1474839,28.5822078,42.3566743,69.2663269,60.0996271,1355.97052,69.7563535,69.0397146,40.568996,161.4284378,2,G01,6.90246095
2020-01-01 11:10:00+00:00,494.547873,28.51601,42.41333225,66.66338725,58.67984567,1166.478656,69.81645844,69.09192,40.24178788,99.34209165,2,G01,5.716244775
2020-01-01 11:20:00+00:00,667.6431816,28.3712374,42.3109437,65.7971324,57.387497,1284.23561,69.3330191,68.5644109,40.04375,131.7260674,2,G01,6.410115547
2020-01-01 11:30:00+00:00,741.6466253,28.18560367,42.57397138,66.09315825,56.78813867,1308.200344,70.34271711,69.65281967,39.74644475,152.2138358,2,G01,6.650152463
2020-01-01 11:40:00+00:00,762.4981379,28.0889625,42.538804,65.399156,56.0369134,1329.7512,70.0792075,69.3693496,39.5500107,152.5063266,2,G01,6.680073468
2020-01-01 11:50:00+00:00,752.4708388,27.94608278,43.06476386,65.89449086,55.80784911,1280.861211,71.47113656,70.83902033,39.30357143,154.9773099,2,G01,6.547517359
2020-01-01 12:00:00+00:00,919.4982121,27.81038222,43.030543,65.79006363,55.20016256,1433.467856,71.35722111,70.69515444,39.14872625,184.5507068,2,G01,7.033747137
2020-01-01 12:10:00+00:00,858.4171447,27.6459721,43.1936825,65.836421,55.519972,1388.08114,71.880635,71.2461299,38.9997463,173.0071321,2,G01,7.156894374
2020-01-01 12:20:00+00:00,775.2961195,27.45207571,43.61843083,67.99798533,57.48172629,1320.048057,73.76849929,73.18235657,38.99040167,158.4010879,2,G01,6.705920853
2020-01-01 12:30:00+00:00,844.8586,27.2747401,43.4288461,68.4581286,58.112147,1383.11224,73.317166,72.6151406,39.041665,171.8163027,,G01,7.048029695
2020-01-01 12:40:00+00:00,1059.452791,27.08296033,43.934487,69.81925875,58.70641422,1470.231656,75.21811222,74.59272222,38.8515625,213.9189828,2,G01,7.640716417
2020-01-01 12:50:00+00:00,933.2130132,26.9343624,44.1449436,68.4260873,57.6404069,1434.44179,75.9761254,75.3731679,38.48125,187.2030837,2,G01,7.442041916
2020-01-01 13:00:00+00:00,1086.966836,26.74524356,44.42311063,68.67445187,57.34525489,1506.417211,76.93597944,76.36527178,38.1875,219.122561,2,G01,7.54761474
2020-01-01 13:10:00+00:00,1176.213734,26.5926426,44.7099217,68.711283,57.2020156,1552.73759,78.0244896,77.4717498,37.9125,237.6681305,2,G01,7.857820705
2020-01-01 13:20:00+00:00,1282.205296,26.4099575,45.3084115,69.67695433,57.73691863,1559.661038,81.17148175,80.67614,37.70781833,262.925254,2,G01,7.860034665
2020-01-01 13:30:00+00:00,1102.479936,26.22620478,45.25009733,68.36523811,56.89158922,1478.161667,80.862963,80.33348322,37.64651444,222.148547,2,G01,7.70122972
2020-01-01 13:40:00+00:00,1173.755003,26.1189434,45.48306867,68.74504889,57.0130627,1533.94847,81.8270836,81.2920438,37.47924778,236.0425478,2,G01,8.127344178
2020-01-01 13:50:00+00:00,1011.464742,26.06293833,45.40341767,67.778918,56.35380111,1453.774722,81.08046378,80.52471444,37.31347378,204.159307,2,G01,7.63423456
2020-01-01 14:00:00+00:00,817.6726961,25.9706905,45.09377138,66.05422513,55.3991722,1371.30265,79.2484114,78.5994939,37.1328125,166.6393678,2,G01,7.073883044
2020-01-01 14:10:00+00:00,804.8492105,25.9198686,44.85689589,65.35452333,54.7648174,1366.6491,77.7495155,77.071089,36.93749667,163.9052416,2,G01,7.034483953
2020-01-01 14:20:00+00:00,646.6734389,25.75045689,44.45978786,65.351558,55.417128,1285.042478,76.09309833,75.36023322,36.9375,133.1706857,2,G01,6.345405344
2020-01-01 14:30:00+00:00,668.951096,25.67874922,44.17557738,66.35850112,56.306709,1296.465156,74.96906,74.20355511,37.01856925,136.7433382,2,G01,6.239984815
2020-01-01 14:40:00+00:00,643.0634661,25.5785685,43.9931587,66.6224844,56.9092145,1285.74157,74.2118665,73.4322203,37.017955,129.9692372,2,G01,6.451027572
2020-01-01 14:50:00+00:00,632.28914,25.52859322,43.89745713,67.17013875,57.56605378,1262.271822,73.62619889,72.84423711,36.95978175,128.4032516,2,G01,6.535262979
2020-01-01 15:00:00+00:00,611.9585765,25.4515876,43.7209742,67.1808976,57.8871855,1238.92411,72.8811716,72.0613646,36.9249836,123.3489648,2,G01,6.233799845
2020-01-01 15:10:00+00:00,805.8474,25.42980133,44.009734,69.01318063,58.59459878,1370.617911,73.24211833,72.48666167,36.84375,163.23013,2,G01,6.847316506
2020-01-01 15:20:00+00:00,892.9321895,25.3777247,44.2901108,69.274247,58.572692,1406.61493,74.0070804,73.3182605,36.6456866,181.553713,2,G01,7.399674725
2020-01-01 15:30:00+00:00,678.2158558,25.25009478,44.134822,66.38572,56.84238089,1284.505233,73.28458167,72.57153667,36.3125,137.9711148,2,G01,6.968331284
2020-01-01 15:40:00+00:00,756.8027363,25.12598311,44.00010467,65.41068644,55.64244456,1342.055956,72.35389167,71.63226944,36.10387463,153.2813853,2,G01,6.914852368
2020-01-01 15:50:00+00:00,770.1803815,25.0380873,44.0480217,65.6560524,55.4610323,1357.39988,71.9694059,71.2675645,35.9375,156.143665,,G01,6.696314775
2020-01-01 16:00:00+00:00,829.7764924,24.98653275,44.1442845,67.20407067,56.680484,1373.835125,71.95748725,71.26476188,35.986581,167.5304835,2,G01,6.996999782
2020-01-01 16:10:00+00:00,770.90842,24.93044422,44.08900375,68.26259513,57.481163,1354.6079,72.17663922,71.48495278,35.99809875,155.8101805,2,G01,6.665079815
2020-01-01 16:20:00+00:00,836.4382039,24.8443922,43.9755893,69.1052725,58.3403173,1393.61839,72.4111051,71.7191458,35.9247604,171.0443556,2,G01,6.885916333
2020-01-01 16:30:00+00:00,1062.714887,24.724043,44.09007563,68.90903313,57.84079544,1488.419378,73.29360889,72.65794156,35.7266675,212.5982855,2,G01,7.6373197
2020-01-01 16:40:00+00:00,1282.195694,24.6358481,44.7741467,69.367826,57.6341553,1578.05651,75.8590288,75.347303,35.375,259.1005011,2,G01,8.389194106
2020-01-01 16:50:00+00:00,1132.874863,24.56574889,45.12713863,68.88142625,57.01242178,1524.325556,77.2542,76.786416,35.21350438,231.0939542,2,G01,7.9782314
2020-01-01 17:00:00+00:00,1052.074401,24.459805,45.2171519,67.8596844,56.1399312,1485.15858,76.9883167,76.471904,35.0875,212.96823,2,G01,7.88205452
2020-01-01 17:10:00+00:00,1200.10093,24.40351878,45.34129138,67.86699738,55.96117278,1541.628978,77.41244144,76.87727089,34.953125,243.8158542,2,G01,8.0560049
2020-01-01 17:20:00+00:00,1423.47542,24.3553417,45.7274695,68.677636,56.4549992,1637.04698,79.7031794,79.2190996,34.8225212,285.068698,2,G01,8.703789745
2020-01-01 17:30:00+00:00,1423.667894,24.28682356,46.1507915,69.25065988,56.92056289,1653.779033,82.78675833,82.34395122,34.8203125,288.9851706,2,G01,8.456543972
2020-01-01 17:40:00+00:00,1225.373579,24.19573,46.35276663,68.732925,56.49335013,1565.625225,83.69726688,83.26750375,34.875,252.9912332,2,G01,8.481457495
2020-01-01 17:50:00+00:00,1023.405744,24.1562329,46.195021,67.4046904,55.444261,1467.78501,82.0902036,81.5806963,34.8726958,207.710735,2,G01,7.79787955
2020-01-01 18:00:00+00:00,1023.617255,24.14859778,46.04032087,66.5425675,54.85371322,1471.635067,80.39457444,79.81208644,34.7625,206.0589332,2,G01,7.801589079
2020-01-01 18:10:00+00:00,1035.164174,24.0952626,46.017273,66.297569,54.4466149,1487.21461,79.4030886,78.831283,34.6124996,208.9733874,2,G01,7.731246968
2020-01-01 18:20:00+00:00,980.2815205,24.05246756,45.98250025,65.91955562,54.07263011,1457.377211,78.51270133,77.95424078,34.4609375,199.74903,2,G01,7.603479715
2020-01-01 18:30:00+00:00,987.4551611,24.0221921,45.8987654,65.4745444,53.6655476,1468.66835,77.4348644,76.8552151,34.3372017,200.6012795,2,G01,7.224220811
2020-01-01 18:40:00+00:00,1003.478805,23.86589233,45.87016413,66.0090675,54.26526778,1466.230756,76.68921656,76.11990267,34.32789475,200.9785084,2,G01,7.654257637
2020-01-01 18:50:00+00:00,1128.041923,23.8604194,46.0470255,68.7119344,56.3634063,1520.87226,77.4947221,76.9742053,34.427987,227.7124775,2,G01,7.978669645
2020-01-01 19:00:00+00:00,988.323075,23.75217789,46.12098113,69.42424325,57.42810278,1446.786878,77.60650944,77.07997389,34.4843755,201.8809694,2,G01,7.095427517
2020-01-01 19:10:00+00:00,1084.953267,23.63087544,46.147203,69.34090875,57.43407633,1490.427178,77.67107189,77.11412956,34.390625,221.3707767,2,G01,8.006660556
2020-01-01 19:20:00+00:00,1009.681829,23.5631595,46.23725625,68.15776188,56.45933725,1485.214738,78.0492365,77.5341395,34.1640625,208.9502017,2,G01,7.646105289
2020-01-01 19:30:00+00:00,834.6185565,23.4414121,45.98651333,65.81124022,55.0948821,1376.44432,76.1763491,75.5572683,34.04281489,167.5960475,2,G01,7.2681148
2020-01-01 19:40:00+00:00,935.5886458,23.40256,45.79298467,65.52624556,54.3460259,1430.71046,75.1370404,74.5104995,33.93193644,190.3544153,2,G01,7.541699684
2020-01-01 19:50:00+00:00,933.7102775,23.3409237,45.7021823,65.8096942,54.3842757,1434.69981,74.4797178,73.8537875,33.886565,188.726323,2,G01,7.10092977
2020-01-01 20:00:00+00:00,980.4747321,23.32986678,45.72791213,68.00553375,56.06499844,1460.368911,74.77112733,74.19318944,33.97663213,201.5782716,2,G01,7.459826142
2020-01-01 20:10:00+00:00,789.3299494,23.3383462,45.7020023,68.2428324,56.9936791,1363.03935,74.4339743,73.8135305,34.0350216,162.9292128,2,G01,6.753572078
2020-01-01 20:20:00+00:00,719.722652,23.30071989,45.38710838,67.84684313,57.40499989,1303.584678,73.29996967,72.58995333,34.09986875,146.470672,2,G01,6.997754735
2020-01-01 20:30:00+00:00,692.9337884,23.2503715,45.1256809,68.1110214,57.8539166,1300.21046,72.6981415,71.963229,34.125,142.2930679,2,G01,6.5436577
2020-01-01 20:40:00+00:00,614.1684642,23.18539991,44.6174745,67.7542215,58.23989855,1271.617655,71.56133782,70.78398964,34.168954,123.7880122,2,G01,6.427220911
2020-01-01 20:50:00+00:00,994.0754347,23.21356415,44.75559945,69.54246475,58.6245281,1457.17435,72.3171467,71.6295998,34.0982526,199.5084895,2,G01,7.347878626
2020-01-01 21:00:00+00:00,905.1266547,23.1654658,44.9350307,67.9134677,57.0683716,1413.94232,72.79451245,72.17373095,33.8418242,182.939295,2,G01,7.587379675
2020-01-01 21:10:00+00:00,837.2831247,23.1327114,44.92862365,66.5082817,55.8281366,1381.08631,72.32898655,71.7078874,33.6555734,173.0459474,2,G01,7.274110321
2020-01-01 21:20:00+00:00,652.7359978,23.10811615,44.4161624,65.24843295,55.3995649,1280.01887,70.8703993,70.17311685,33.586073,133.0417814,2,G01,6.783410806
2020-01-01 21:30:00+00:00,753.4171222,23.09698521,44.07981072,66.57566106,56.34106358,1341.191742,70.22168742,69.50165995,33.68768378,150.8173133,2,G01,6.858294306
2020-01-01 21:40:00+00:00,584.2022015,23.0515117,43.9982081,66.7564512,57.1116557,1222.92924,69.933143,69.2089223,33.7550335,119.3018195,,G01,6.286624885
2020-01-01 21:50:00+00:00,651.3305541,23.04008667,43.71733383,66.91449267,57.23996822,1271.456689,69.23618589,68.47248389,33.8125,132.646902,2,G01,6.663582206
2020-01-01 22:00:00+00:00,554.718862,23.04217989,43.46198267,66.74175844,57.59648356,1209.243867,68.69641578,67.90782189,33.8125,113.1981249,2,G01,6.202464775
2020-01-01 22:10:00+00:00,486.4548347,23.0952019,43.19121978,66.22787733,57.7620763,1160.60438,67.8679476,67.067542,33.8125,98.150882,2,G01,6.078968321
2020-01-01 22:20:00+00:00,606.826349,23.16522111,43.0260395,66.463141,57.68686333,1237.553644,67.37204778,66.55090189,33.7656275,121.6533922,2,G01,6.58742984
2020-01-01 22:30:00+00:00,746.7107917,23.1295087,43.1807249,67.9324605,57.9452393,1334.10937,67.9634775,67.2076535,33.69375,150.2912272,2,G01,6.93789425
2020-01-01 22:40:00+00:00,716.4027532,23.09297756,43.240538,68.50246263,58.35831589,1314.967333,68.41061556,67.69446211,33.64282113,145.5028505,2,G01,6.730041874
2020-01-01 22:50:00+00:00,757.413468,23.0613516,43.2838494,68.8590005,58.735174,1349.86393,68.512523,67.8030045,33.625,154.6257685,2,G01,6.95080476
2020-01-01 23:00:00+00:00,733.453455,23.03974167,43.41449413,68.6960875,58.23157956,1316.7359,69.08081133,68.40651278,33.5468745,149.6425125,2,G01,7.199444194
2020-01-01 23:10:00+00:00,604.1851225,22.9905885,42.948281,65.20618278,56.152255,1242.22364,68.0724055,67.3462221,33.35820444,123.0181549,2,G01,6.682299825
2020-01-01 23:20:00+00:00,537.5653121,22.90988544,42.62198188,63.83061125,55.31316278,1199.886556,66.84010044,66.07623811,33.28910688,109.1678428,2,G01,6.045494563
2020-01-01 23:30:00+00:00,574.130805,22.8046362,42.3609822,65.233731,56.1493592,1216.11905,66.3746751,65.6039905,33.3753925,116.7430755,2,G01,6.152610342
2020-01-01 23:40:00+00:00,431.7379765,22.73241622,42.15808688,64.91205763,56.46229567,1117.530033,65.72669389,64.93510689,33.43489213,87.3501506,2,G01,5.864909825
2020-01-01 23:50:00+00:00,415.2604089,22.6961953,41.9047883,64.49181,56.4743611,1108.40204,64.845269,64.0228434,33.4136106,84.87163784,2,G01,5.635189321
2020-01-02 00:00:00+00:00,441.7323711,22.63109667,41.74665663,64.33497663,56.40168322,1127.552833,64.20429778,63.372475,33.35937788,89.29611184,2,G01,6.111620863
2020-01-02 00:10:00+00:00,432.5763825,22.5389939,41.6503856,64.572674,56.5731601,1116.86355,63.9274511,63.1152801,33.28125,87.41244455,2,G01,5.906204875
2020-01-02 00:20:00+00:00,352.7934594,22.43988567,41.46157514,63.85220357,56.30728344,1061.7507,63.07933489,62.24928078,33.24107143,71.41887575,2,G01,5.513681125
2020-01-02 00:30:00+00:00,352.195374,22.394027,41.292876,63.65932825,56.28337133,1053.088622,62.62560211,61.77860622,33.171875,73.29299085,2,G01,5.812824855
2020-01-02 00:40:00+00:00,384.3677547,22.43640333,41.19615538,63.68110988,56.10697567,1082.917833,62.148525,61.30759878,33.0935225,76.99316316,2,G01,5.958620889
2020-01-02 00:50:00+00:00,340.43673,22.5156106,41.0469595,63.1874232,56.0007886,1043.50732,61.3831498,60.5804739,33.01875,68.2965528,2,G01,5.7454598
2020-01-02 01:00:00+00:00,430.1192356,22.4971016,40.9276855,63.564327,55.9045508,1107.94893,60.9619339,60.1969639,32.927649,87.139456,2,G01,5.799077639
2020-01-02 01:10:00+00:00,390.72504,22.54966144,40.82209938,63.58618475,55.866186,1078.972833,60.60665667,59.90387422,32.854449,79.12175868,2,G01,5.828468268
2020-01-02 01:20:00+00:00,356.76045,22.62097233,40.75206589,63.35092289,55.89545244,1060.893111,60.11002922,59.402186,32.848117,72.7992818,2,G01,5.80350984
2020-01-02 01:30:00+00:00,289.4600368,22.8286312,40.58962289,62.65584667,55.6591236,1030.07355,59.2513031,58.5227709,32.833352,59.14689658,2,G01,5.387194537
2020-01-02 01:40:00+00:00,279.9030561,23.02109422,40.46727,62.35027433,55.43123078,1029.930478,58.39421711,57.66175156,32.805556,56.39888406,2,G01,5.511622033
2020-01-02 01:50:00+00:00,284.2983405,23.1366648,40.359197,62.24146522,55.2866597,1030.45866,57.8981633,57.1827029,32.75,58.4504651,2,G01,5.18505482
2020-01-02 02:00:00+00:00,241.7389716,23.17621144,40.27805667,61.90675156,55.10404556,1030.114678,57.07011644,56.35051733,32.75,49.04852595,2,G01,5.017805005
2020-01-02 02:10:00+00:00,221.2042678,23.25255267,40.187531,61.642037,54.84135678,1029.673811,56.33322367,55.61595744,32.71511125,44.87853517,2,G01,4.779355328
2020-01-02 02:20:00+00:00,122.1067349,23.3071072,40.1103605,60.6739325,54.5476297,1029.92621,55.3895615,54.6684566,32.6875,25.30470765,2,G01,4.30611982
2020-01-02 02:30:00+00:00,62.07436547,23.36513144,39.99933514,59.03212357,53.93074289,1029.6986,54.131187,53.40386022,32.63392857,13.60315389,2,G01,3.491763011
2020-01-02 02:40:00+00:00,0.273518806,23.46006578,39.895153,57.7378745,53.23075378,727.2466411,53.028396,52.32862422,32.609375,-1.498821129,2,G01,3.054022078
2020-01-02 02:50:00+00:00,-5.370879579,23.6365749,39.2946599,55.583295,51.8518819,85.4796314,52.4509178,51.8554762,33.6187416,-8.441531737,3,G01,2.933089374
2020-01-02 03:00:00+00:00,-5.22427508,23.86945522,38.88898475,54.74541175,52.39928289,132.3201671,51.85499922,51.37201556,34.5862245,-8.49862785,2,G01,3.09783486
2020-01-02 03:10:00+00:00,-5.459173006,24.0309772,38.640398,54.3125297,52.528643,122.9201371,51.0583751,50.65132,35.1250284,-8.60520575,2,G01,3.069577694
2020-01-02 03:20:00+00:00,-5.47584937,24.29012756,38.42403913,54.080516,52.46911833,359.7979452,50.30344844,49.92952689,35.59464938,-5.1208713,2,G01,3.29405485
2020-01-02 03:30:00+00:00,81.71760247,24.51319438,38.78947714,57.16324057,53.38900675,1029.437338,50.10143175,49.6436325,34.69645486,18.53880176,2,G01,3.840347147
2020-01-02 03:40:00+00:00,119.0509235,24.739109,39.0039557,57.7101111,52.983272,1029.68347,50.7083247,50.1031686,33.7375,21.61011263,2,G01,3.9605314
2020-01-02 03:50:00+00:00,187.3515135,24.76650708,39.13027509,59.06151218,52.91126667,1029.6614,51.2791515,50.63060333,33.40786227,38.7499664,2,G01,4.402534805
2020-01-02 04:00:00+00:00,73.11041963,24.90260365,39.1718518,58.27367255,52.6954274,1030.268365,51.14800415,50.4854601,33.45661981,16.11721849,2,G01,3.580505394
2020-01-02 04:10:00+00:00,52.30521382,25.11239483,39.19376625,57.44594725,52.44486233,1029.109463,50.69487508,50.04418275,33.58529209,11.37943207,2,G01,3.491294547
2020-01-02 04:20:00+00:00,104.25852,25.1625286,39.1701107,57.4208239,52.193854,1029.86042,50.3411026,49.709656,33.7375,21.18393538,2,G01,3.857864815
2020-01-02 04:30:00+00:00,118.3152125,25.44179033,39.16676625,57.67480763,52.128981,1029.839489,50.32373222,49.66764633,33.9687305,22.77275862,2,G01,3.974673505
2020-01-02 04:40:00+00:00,162.7942989,25.31540163,39.18084143,58.35047814,52.218513,1030.061525,50.60461888,49.92778063,34.15794714,33.61489576,2,G01,4.463217518
2020-01-02 04:50:00+00:00,58.32344161,25.645072,39.2105257,57.4105277,52.0343483,1029.67335,50.5550042,49.8707756,34.4025078,11.87127782,2,G01,3.463864865
2020-01-02 05:00:00+00:00,18.75855933,25.90353843,39.17854767,56.39804367,51.61145143,775.8612551,50.26632757,49.59696314,34.70542957,0.422997298,2,G01,3.317127606
2020-01-02 05:10:00+00:00,-4.566502573,25.9908424,38.7028992,54.2673339,50.8071702,114.0374086,49.7689457,49.2210332,35.77630489,-6.750790788,173,G01,3.190079825
2020-01-02 05:20:00+00:00,-4.386794523,26.08175278,38.30203025,53.255684,50.00633411,1.055768222,49.39544367,48.93812544,36.421875,-6.428279567,552,G01,3.607727633
2020-01-02 05:30:00+00:00,19.03660364,26.2709986,38.0516207,53.2636028,50.7031512,485.7808448,48.9801099,48.5660422,36.6895943,3.1003991,2,G01,3.57612988
2020-01-02 05:40:00+00:00,72.40234731,26.6466978,38.5139825,56.6436306,52.3988742,1029.521,49.2420162,48.73505,36.0716106,14.12538919,2,G01,3.506919865
2020-01-02 05:50:00+00:00,80.40274226,26.86367422,38.81831475,57.13635588,52.45301033,1030.013311,50.83631111,50.17810156,35.61667688,16.36518467,2,G01,3.5749315
2020-01-02 06:00:00+00:00,68.42719324,26.68487411,38.94921989,57.19472122,52.22198033,1028.267327,51.18835822,50.50228222,35.5625,15.43071523,2,G01,3.6182525
2020-01-02 06:10:00+00:00,46.12894611,26.6667357,39.05136511,56.53497167,51.9616526,1029.86089,51.1557302,50.4662056,35.59694878,10.3035468,2,G01,3.539836726
2020-01-02 06:20:00+00:00,214.9149535,26.62971333,39.10752675,58.07715038,52.11074889,1033.9688,51.54597456,50.86368367,35.709764,42.56777705,2,G01,4.504610268
2020-01-02 06:30:00+00:00,120.8692795,26.6210027,39.1838348,58.3430696,52.2780893,1029.21639,51.9548887,51.2510183,35.9637623,24.58423526,2,G01,3.976505042
2020-01-02 06:40:00+00:00,87.17157889,26.94553075,39.209668,57.887254,52.2501635,1027.894981,51.88113313,51.1753345,36.1875,18.40925167,2,G01,3.728820911
2020-01-02 06:50:00+00:00,2.2686687,27.13797044,39.12325088,56.40823538,51.84429478,741.5439133,51.37446278,50.738574,36.78125,-4.467808617,3,G01,3.120705439
2020-01-02 07:00:00+00:00,-4.958867215,27.2347125,39.1022495,55.688049,51.6121702,500.3952266,50.4808224,49.9500185,37.09027778,-7.532939588,3,G01,3.16004491
2020-01-02 07:10:00+00:00,-8.61610175,27.46913456,38.87830963,54.330848,51.06066433,817.3036356,49.19997044,48.79347933,37.86643463,-11.55465539,4,G01,3.011899872
2020-01-02 07:20:00+00:00,-8.750913825,27.9460072,38.9476719,54.0551396,50.7629874,850.736084,46.5057239,46.2956714,38.53418,-12.18521698,4,G01,2.59260984
2020-01-02 07:30:00+00:00,-8.293813511,28.20920856,38.6349165,51.96743388,49.45408756,94.02499089,45.13401444,44.99520711,38.9618425,-12.72654087,2,G01,2.824652463
2020-01-02 07:40:00+00:00,-8.4899381,28.3011931,38.1957383,50.2125313,48.8504531,109.8149998,44.8565429,44.7242751,39.3320671,-11.88594866,2,G01,3.088373537
2020-01-02 07:50:00+00:00,-7.390342925,29.42295322,37.89957413,49.13788087,48.380874,50.30695567,44.61057211,44.46105456,39.640625,-11.4938406,1,G01,2.74430987
2020-01-02 08:00:00+00:00,1.914994361,29.3275473,37.70589056,49.39191533,48.4202538,438.695366,44.3216042,44.1468904,39.94622589,-7.170571572,2,G01,3.499660967
2020-01-02 08:10:00+00:00,128.0306622,28.99910689,38.07612278,54.47662433,50.08174589,1029.7439,45.33875644,44.98592389,39.04166667,25.2689622,2,G01,3.68733485
2020-01-02 08:20:00+00:00,48.58571774,29.65244233,38.4022635,55.53147088,50.84593833,686.2026944,47.87209689,47.30070078,38.46527611,5.8833938,2,G01,3.147531411
2020-01-02 08:30:00+00:00,16.59122698,29.8270829,38.3072568,54.6707413,50.4888282,671.9630007,48.4788956,47.9269348,39.18175933,0.974383589,2,G01,3.607494584
2020-01-02 08:40:00+00:00,-6.202095917,29.87811733,38.21530788,53.79634988,50.09950889,71.68042082,48.84250222,48.34686878,39.5937505,-11.78606047,87,G01,3.502010944
2020-01-02 08:50:00+00:00,42.44168973,29.4652757,38.1223807,53.6445376,50.791258,546.141951,48.5954563,48.1513881,40.2124996,2.370490225,3,G01,3.595654825
2020-01-02 09:00:00+00:00,63.71624495,29.39115256,38.58852038,56.73610275,52.09174356,1028.895522,50.18333611,49.65332433,39.3984375,14.80539635,2,G01,3.437510332
2020-01-02 09:10:00+00:00,167.7007573,28.96613533,38.83734944,57.88021778,52.199784,1038.163378,52.06185844,51.41470933,38.875,33.0033933,2,G01,4.10077984
2020-01-02 09:20:00+00:00,-6.594113184,29.1306648,38.82991356,55.39887256,51.2235596,295.2016775,52.3611762,51.7118683,39.05555556,-10.9107191,2,G01,2.717836763
2020-01-02 09:30:00+00:00,-8.150125483,29.567918,38.4329978,53.0361802,50.2794208,102.8302366,51.9222466,51.3716637,40.0499924,-12.80843958,2,G01,2.559852474
2020-01-02 09:40:00+00:00,-8.81415021,29.48298056,38.13561475,51.4244615,49.78265867,121.2709459,51.22036867,50.77294578,40.734375,-13.50274425,2,G01,3.377109815
2020-01-02 09:50:00+00:00,-8.791853774,29.76600533,37.91725833,50.45672456,49.251217,127.5405302,50.66428622,50.26299944,41.09165278,-12.66669821,2,G01,3.132405137
2020-01-02 10:00:00+00:00,-7.350237294,30.2354182,37.70456411,49.59172844,48.7884041,97.1314402,49.9836232,49.6096665,41.45138889,-11.78908361,2,G01,2.761722106
2020-01-02 10:10:00+00:00,-5.65698319,30.33385467,37.55179689,49.52151389,48.62995544,47.02208144,49.53488411,49.16782489,41.77219644,-10.03758623,1,G01,2.306999905
2020-01-02 10:20:00+00:00,-5.767571811,30.02676678,37.416284,49.55513588,48.51480989,82.62820978,49.21677056,48.83180667,42.09375,-10.06712272,2,G01,2.683610978
2020-01-02 10:30:00+00:00,-5.972976395,29.7651776,37.3405092,49.5470807,48.5025567,95.8013855,48.8549421,48.4604694,42.3364606,-10.2679713,2,G01,2.89007985
2020-01-02 10:40:00+00:00,-5.968873244,29.89487333,37.31242137,49.63590325,48.56080189,97.83255733,48.343229,47.94423267,42.6171875,-9.751426028,2,G01,2.842138767
2020-01-02 10:50:00+00:00,-5.783087626,29.82532822,37.28684722,49.61464189,48.55274556,103.6846254,47.96412522,47.56828278,42.79166667,-9.714726816,2,G01,2.523715674
2020-01-02 11:00:00+00:00,-5.764662705,30.3632366,37.25463344,49.62089989,48.5821743,97.808576,47.5626086,47.1585192,43.00612333,-8.808270825,2,G01,2.737369875
2020-01-02 11:10:00+00:00,-6.097424041,30.37877856,37.22666975,49.60739075,48.612266,109.4534584,47.225544,46.82342889,43.1326925,-8.956949324,2,G01,2.771182218
2020-01-02 11:20:00+00:00,-5.665698435,30.2219212,37.2101459,49.6155901,48.6867475,115.5751306,46.8660161,46.4648773,43.2939762,-8.89906215,3,G01,3.156439855
2020-01-02 11:30:00+00:00,-5.732721811,30.11366278,37.19606588,49.65367738,48.77238622,102.2976744,46.54235878,46.14639578,43.3984375,-9.120008921,2,G01,3.220947263
2020-01-02 11:40:00+00:00,-5.814818635,29.8120123,37.1807406,49.7406554,48.8756245,145.9608044,46.1858188,45.8056175,43.53125,-9.2708473,2,G01,3.279644875
2020-01-02 11:50:00+00:00,87.05815317,29.656326,37.34128013,51.97756363,49.49075638,930.165315,46.18347625,45.79162375,43.023871,15.60384789,2,G01,3.656933167
2020-01-02 12:00:00+00:00,78.19963795,29.6585013,37.84224889,55.00191744,50.7313107,1029.98548,48.8416735,48.2455081,40.68750556,16.05336654,2,G01,3.707462921
2020-01-02 12:10:00+00:00,204.3447752,29.27752956,38.13627475,56.64907388,51.24094311,1038.0391,51.43232711,50.698054,39.7498685,40.88263935,2,G01,4.533244785
2020-01-02 12:20:00+00:00,466.1159106,28.72176667,38.43691478,60.00518444,51.778032,1162.148989,54.28962389,53.53383756,39.14410867,94.66135078,2,G01,5.81022205
2020-01-02 12:30:00+00:00,502.0692774,28.53794211,38.78572325,61.7409,52.68881822,1189.942911,57.18245533,56.43577467,38.9235425,100.7557096,2,G01,5.998399853
2020-01-02 12:40:00+00:00,561.5128668,28.45374956,39.13950056,63.28791822,53.68563956,1237.250189,59.80284222,59.06008333,38.875,114.3929976,2,G01,6.078641926
2020-01-02 12:50:00+00:00,648.3825972,28.2546299,39.419378,64.0688405,54.3305538,1280.55445,61.3236278,60.5733736,38.8874985,130.8594169,2,G01,6.289483968
2020-01-02 13:00:00+00:00,738.83243,27.86919811,40.10311163,66.10531813,55.51449622,1305.021322,64.32190111,63.65172622,38.8125,151.9611242,2,G01,6.655515611
2020-01-02 13:10:00+00:00,611.4757415,27.65999856,40.0627675,65.64382813,56.04891356,1257.370622,65.03655378,64.30372667,38.7578125,122.5883223,2,G01,6.151399845
2020-01-02 13:20:00+00:00,760.3499589,27.60893222,40.52437867,67.21563556,56.865472,1346.066578,66.71948056,65.99533778,38.70138256,154.9653416,2,G01,6.502331416
2020-01-02 13:30:00+00:00,630.01527,27.44352438,40.775404,67.31863986,57.60664263,1279.178688,67.78139825,67.06071125,38.62758414,128.573669,2,G01,6.198084011
2020-01-02 13:40:00+00:00,489.21671,27.2427094,40.6252606,66.5084105,57.8917749,1166.9447,67.5118567,66.7149136,38.6001263,97.71085883,2,G01,5.505794322
2020-01-02 13:50:00+00:00,614.642141,27.06565389,40.69804313,67.119541,58.10828211,1242.303089,67.926774,67.10706222,38.4765625,123.6510442,2,G01,6.255154825
2020-01-02 14:00:00+00:00,624.4332837,26.78634,40.80188613,67.39134425,58.43023378,1242.652067,68.43715911,67.63079933,38.375,126.4154661,2,G01,6.081920842
2020-01-02 14:10:00+00:00,838.6152672,26.2227159,41.1106494,68.981582,58.9303364,1373.40289,69.575315,68.8295065,38.2531323,169.0803022,2,G01,6.818377606
2020-01-02 14:20:00+00:00,898.7985728,25.83953244,41.61108838,69.41199425,58.52074478,1414.722733,71.25706333,70.60063078,37.9609375,182.4509239,2,G01,7.319944156
2020-01-02 14:30:00+00:00,974.0041905,25.5066122,41.9922958,68.3482501,57.4251474,1456.88217,72.2182625,71.6006451,37.4063523,199.2773445,2,G01,7.159894625
2020-01-02 14:40:00+00:00,778.8093816,25.3529373,42.10314622,66.62396878,56.2973922,1349.78672,72.1061059,71.454633,37.02777778,159.9773126,2,G01,6.836915505
2020-01-02 14:50:00+00:00,686.1893316,25.1841154,41.88098444,64.90123467,55.3101463,1299.89163,71.1297783,70.400276,36.72916667,136.8584921,2,G01,6.903852416
2020-01-02 15:00:00+00:00,723.7191583,25.07410756,41.92937663,66.59261213,56.32147178,1310.675956,71.16570444,70.44112878,36.6875,148.332967,2,G01,6.475427583
2020-01-02 15:10:00+00:00,744.0533974,24.9763864,41.6861233,67.091294,57.0177499,1330.47465,70.8748833,70.1120975,36.681203,150.5356855,2,G01,6.727468242
2020-01-02 15:20:00+00:00,991.6994105,24.85616906,42.350625,69.71918781,58.32360529,1464.689365,72.83860188,72.19789971,36.53613788,202.8773511,2,G01,7.293884011
2020-01-02 15:30:00+00:00,968.7924994,24.80351325,42.72723305,68.7297983,57.4526662,1450.97037,73.6821649,73.07022445,36.2468752,197.2204805,2,G01,7.137868216
2020-01-02 15:40:00+00:00,951.2807015,24.74504927,42.9829471,67.579649,56.490919,1446.799482,73.81783791,73.22378373,35.9191692,191.3396165,2,G01,7.24215462
2020-01-02 15:50:00+00:00,773.2256263,24.7097973,43.0256394,65.795337,55.3766711,1332.12954,72.9192749,72.290055,35.6772689,156.080657,2,G01,7.11886491
2020-01-02 16:00:00+00:00,734.1149226,24.60559756,42.80221175,65.88512275,55.63768756,1323.2752,72.00075411,71.31840167,35.61993,149.4938619,2,G01,6.422599842
2020-01-02 16:10:00+00:00,643.0345345,24.453861,42.3915556,66.4023504,56.4775663,1273.42637,71.1091517,70.3778891,35.6875,131.7252284,2,G01,6.402329915
2020-01-02 16:20:00+00:00,577.3720511,24.34975433,42.13281833,66.37782989,57.04020644,1216.278933,70.30772244,69.54102678,35.6875,116.241004,2,G01,6.350055306
2020-01-02 16:30:00+00:00,669.5264332,24.28584767,42.19318075,67.20313975,57.36844433,1283.8503,70.13474833,69.36369556,35.6796875,135.3743838,2,G01,6.546057805
2020-01-02 16:40:00+00:00,670.9347889,24.24429767,42.26707171,67.66478229,57.81539178,1289.679722,70.02053744,69.27237944,35.60937963,135.6697718,2,G01,6.522099889
2020-01-02 16:50:00+00:00,670.5488639,24.1627467,42.25384444,67.90913978,58.200574,1283.48066,69.83971,69.0879136,35.546875,136.2343946,2,G01,6.545549961
2020-01-02 17:00:00+00:00,732.5203395,24.1532842,42.4485017,68.6028784,58.5660501,1325.48066,70.0020471,69.2751158,35.468497,147.917975,2,G01,6.36894485
2020-01-02 17:10:00+00:00,848.4346779,24.08607789,42.57446738,69.26747813,59.03400667,1371.787756,70.310676,69.60107678,35.4050295,170.7531332,2,G01,7.209878653
2020-01-02 17:20:00+00:00,871.0332611,24.0647027,42.9131195,68.6611455,58.0402929,1392.25967,71.4068785,70.770102,35.1375,177.8842236,2,G01,7.287388622
2020-01-02 17:30:00+00:00,911.4591345,23.96611022,42.97499013,67.19177613,56.62213611,1413.096833,71.23500889,70.58464889,34.87407175,185.567715,2,G01,7.25360979
2020-01-02 17:40:00+00:00,868.6961026,23.9239632,43.1247311,66.2178616,55.5871926,1405.56619,71.2111806,70.5738506,34.6314716,173.6335516,2,G01,7.341868042
2020-01-02 17:50:00+00:00,967.6477383,23.85892644,43.220336,66.018548,54.88188411,1437.641822,71.32335222,70.70997489,34.4765625,194.5525622,2,G01,7.268732972
2020-01-02 18:00:00+00:00,1161.50611,23.7643256,43.5122875,66.636567,54.7883449,1523.44358,72.621872,72.0680603,34.2937336,233.15157,2,G01,7.929454595
2020-01-02 18:10:00+00:00,1255.622366,23.6862059,43.925968,67.30317678,54.9914073,1586.51681,74.8287503,74.3338333,34.14835889,254.7413353,2,G01,7.989604921
2020-01-02 18:20:00+00:00,1298.8347,23.65644763,44.28098275,67.7965805,55.36366075,1583.496438,77.18800975,76.739448,34.125,266.6970983,2,G01,7.942866333
2020-01-02 18:30:00+00:00,1226.560407,23.549301,44.47338389,67.502942,55.0632876,1575.20043,78.2588504,77.7916481,34.125,249.1713075,2,G01,7.97786451
2020-01-02 18:40:00+00:00,1280.4685,23.48179267,44.68856325,67.65442075,55.05341756,1586.623611,79.49824222,79.02774111,34.10111814,258.7063994,2,G01,8.187227333
2020-01-02 18:50:00+00:00,1211.032958,23.4178161,44.9143507,67.3969684,54.941886,1569.32115,80.2826796,79.832526,34.0625,247.0054432,2,G01,7.832131268
2020-01-02 19:00:00+00:00,1141.12813,23.38593478,44.939785,66.8206745,54.43917478,1512.252944,79.73141389,79.25267089,33.999981,230.424138,2,G01,7.37315969
2020-01-02 19:10:00+00:00,1065.673203,23.3784507,45.0054218,66.3663687,54.0905036,1497.39583,79.3243151,78.8304396,33.89375,217.3424672,2,G01,7.657321772
2020-01-02 19:20:00+00:00,1173.493847,23.39543111,45.06421586,66.26477371,53.87317156,1535.553733,78.72522267,78.21184467,33.8125,237.5496474,2,G01,7.463678653
2020-01-02 19:30:00+00:00,1215.902174,23.4165625,45.2644903,66.5542513,53.8800088,1560.83779,79.275322,78.8065091,33.7438168,245.7107837,2,G01,7.650746958
2020-01-02 19:40:00+00:00,1119.558805,23.38343011,45.3267445,66.27616813,53.77003611,1516.556089,79.22411011,78.74613222,33.7029075,229.11352,2,G01,7.649725995
2020-01-02 19:50:00+00:00,1006.948503,23.3307455,45.1931619,65.5639061,53.3953771,1464.24234,78.049593,77.5069475,33.6562496,202.9180168,2,G01,7.401078668
2020-01-02 20:00:00+00:00,852.2316837,23.28755563,45.043921,66.51800583,54.68842638,1387.304363,76.72647125,76.12592175,33.79151,174.7893363,2,G01,6.914120847
2020-01-02 20:10:00+00:00,730.761961,23.1852632,44.7573923,66.5554881,55.4554931,1323.06483,75.4044476,74.728751,33.918913,149.464316,2,G01,6.50596482
2020-01-02 20:20:00+00:00,827.4525394,23.11734222,44.40195763,67.28053675,56.17675178,1373.270244,74.34401456,73.63670056,34,168.1838359,2,G01,6.844205735
2020-01-02 20:30:00+00:00,713.253677,23.0497676,44.27715578,67.30864178,56.7285462,1309.56417,73.650741,72.9385476,34.00665967,144.6144365,2,G01,6.60592493
2020-01-02 20:40:00+00:00,738.4465332,23.00661778,44.1016185,67.61123188,57.13801456,1324.624011,72.84315511,72.10596822,34,151.0119805,2,G01,6.823789284
2020-01-02 20:50:00+00:00,722.9189094,22.9436449,43.9129994,67.9421085,57.6082893,1324.82677,72.2225904,71.494383,33.9448254,147.3572367,2,G01,6.765877561
2020-01-02 21:00:00+00:00,781.982825,22.93408178,43.85001563,68.58713375,58.09676989,1351.035267,71.92369433,71.20886267,33.8907495,158.336184,2,G01,6.834644835
2020-01-02 21:10:00+00:00,763.2253768,22.9338636,43.7666322,68.8452086,58.4600777,1352.60482,71.6355149,70.924713,33.875,154.57088,2,G01,6.88031474
2020-01-02 21:20:00+00:00,758.4660935,22.94134856,43.73553057,69.12372071,58.78677744,1331.672822,71.48850378,70.77793611,33.82167286,154.0192288,2,G01,6.752370347
2020-01-02 21:30:00+00:00,601.528822,22.9342809,43.3320804,68.4462095,58.957934,1242.03876,70.6643659,69.9091595,33.8125,122.2177925,2,G01,6.356889765
2020-01-02 21:40:00+00:00,600.4788463,22.94034967,43.0369835,68.1900875,59.05644856,1243.441878,69.79820433,69.01461844,33.7812375,120.9512841,2,G01,6.418973521
2020-01-02 21:50:00+00:00,604.058045,22.9820797,42.8548719,68.1933816,59.0751815,1247.34299,69.2209482,68.4350175,33.75,122.9217845,2,G01,6.400766539
2020-01-02 22:00:00+00:00,729.427637,22.97724722,42.87038738,68.92209888,59.174426,1324.5759,69.14260222,68.38171667,33.70832825,146.6375397,2,G01,6.94311979
2020-01-02 22:10:00+00:00,659.4649167,22.95049767,42.95196033,69.12505733,59.42117522,1286.005967,69.37490733,68.64539778,33.64583333,133.5154475,2,G01,6.360166517
2020-01-02 22:20:00+00:00,606.9344444,22.93412044,42.65418288,68.63268237,59.48853311,1248.264367,68.74336056,67.97389456,33.625,123.0415438,2,G01,6.436394283
2020-01-02 22:30:00+00:00,737.3201784,22.9160541,42.67545011,69.33141278,59.5434885,1323.35964,68.7819606,68.0279829,33.583004,147.9004542,2,G01,6.909415668
2020-01-02 22:40:00+00:00,661.8075889,22.921992,42.6383153,69.3379879,59.7077091,1273.00274,68.8874082,68.1545296,33.551361,134.0397726,2,G01,6.6244314
2020-01-02 22:50:00+00:00,566.6793495,22.90531613,42.38440543,68.81904286,59.76680375,1210.1828,68.45791262,67.6980635,33.503942,116.4248609,2,G01,6.374794579
2020-01-02 23:00:00+00:00,411.8149232,22.8394782,42.1263168,67.4083891,59.6872725,1100.65789,67.2554066,66.4406895,33.5542636,82.60140363,2,G01,5.637278753
2020-01-02 23:10:00+00:00,437.6013547,22.77388456,41.87441625,66.9625535,59.33425344,1125.832278,66.42514178,65.56126333,33.5,88.42174758,2,G01,6.038557795
2020-01-02 23:20:00+00:00,471.7858095,22.7457483,41.7131819,66.7799904,59.058266,1146.64294,65.8803126,65.0097175,33.4749905,95.90312005,2,G01,6.09717982
2020-01-02 23:30:00+00:00,494.1973522,22.77611644,41.62248038,67.12718425,58.96635078,1173.349056,65.767635,64.92345444,33.4375,101.2697782,2,G01,5.942360906
2020-01-02 23:40:00+00:00,511.5073265,22.7969047,41.5672783,67.2282144,58.930024,1178.01574,65.5047774,64.6826871,33.3854366,104.1871053,2,G01,6.159834855
2020-01-02 23:50:00+00:00,490.3260079,22.88974922,41.46689388,66.99332363,58.80719667,1166.587689,65.025604,64.21219567,33.31527663,100.0009813,2,G01,6.080226095
2020-01-03 00:00:00+00:00,407.289855,22.9307629,41.3503727,66.3881278,58.6457344,1095.34499,64.3847619,63.5818612,33.3125,83.09057261,2,G01,5.602010967
2020-01-03 00:10:00+00:00,369.756555,22.90011611,41.16523313,65.57156738,58.25176578,1071.735522,63.45514656,62.62725956,33.281185,73.9876712,2,G01,5.773794835
2020-01-03 00:20:00+00:00,456.73886,22.9587562,41.0853311,65.8546268,58.0690652,1143.48317,63.2118507,62.3922597,33.2002973,91.55569583,2,G01,6.130222078
2020-01-03 00:30:00+00:00,494.7758747,23.02427613,41.02536717,66.16484917,58.10198463,1166.18175,63.127338,62.33791463,33.13541667,99.21513953,2,G01,6.3159104
2020-01-03 00:40:00+00:00,436.176425,23.1169512,40.9746024,66.1882285,58.0693573,1132.35288,63.0737049,62.3178253,33.0999691,90.3446713,2,G01,5.9687548
2020-01-03 00:50:00+00:00,233.2690778,23.046146,40.786401,64.617225,57.70732689,1030.2868,61.65511278,60.889664,33.0625,46.57997178,2,G01,4.911866444
2020-01-03 01:00:00+00:00,261.7655532,22.9334622,40.63858122,63.87265078,57.1517095,1029.95849,60.1754474,59.4010562,32.97552778,52.82843905,2,G01,4.967005047
2020-01-03 01:10:00+00:00,417.9725389,22.8279008,40.5851561,64.3738703,56.9466744,1107.25606,59.992728,59.2604417,32.8209698,84.59690589,2,G01,5.958555361
2020-01-03 01:20:00+00:00,259.2211925,22.66197222,40.48101175,63.676765,56.78119056,1029.683456,59.19797211,58.51721533,32.75,53.0825415,2,G01,5.22811482
2020-01-03 01:30:00+00:00,223.63817,22.6048626,40.3354275,63.0756567,56.3884043,1030.06088,57.9711847,57.2787896,32.6938908,45.81990444,2,G01,4.89869425
2020-01-03 01:40:00+00:00,47.91375093,22.60818367,40.22304675,60.79081175,55.76609222,1029.833689,56.27426678,55.56832167,32.60913375,10.50061917,2,G01,3.447059815
2020-01-03 01:50:00+00:00,36.78786846,22.63520233,40.11897813,59.42089213,54.97216833,1029.554644,54.68119589,53.99913733,32.45929875,7.684622332,2,G01,3.399815611
2020-01-03 02:00:00+00:00,53.44839565,22.67114181,39.98458886,58.56076186,54.2838345,1029.979394,53.24674944,52.59094063,32.24470821,10.62451053,2,G01,3.208111641
2020-01-03 02:10:00+00:00,36.24405831,22.75370171,39.90553369,58.21448356,53.88226759,1029.678424,52.30177818,51.661684,32.11694156,7.230736995,2,G01,3.2500798
2020-01-03 02:20:00+00:00,35.87499003,22.8557983,39.7639764,57.5291735,53.2287839,1030.09644,51.2540701,50.6267659,32.0124966,7.552444828,2,G01,3.214624875
2020-01-03 02:30:00+00:00,10.36618045,23.0501257,39.66240167,56.91070211,52.7078235,1026.637356,50.6617735,49.993344,32,2.241188192,2,G01,3.075184084
2020-01-03 02:40:00+00:00,-5.99413783,23.2805099,39.391093,55.3577819,51.7143871,315.504911,50.1406456,49.5019121,32.424995,-8.065081225,2,G01,3.216024875
2020-01-03 02:50:00+00:00,-5.638193406,23.63489856,38.89335775,54.07538063,51.69827722,116.9765489,49.60197011,49.08888433,33.58626125,-8.874381983,2,G01,3.167888728
2020-01-03 03:00:00+00:00,-5.314359363,24.1988091,38.534236,53.4510054,51.5774939,96.3025731,48.9555037,48.5440294,34.40626,-8.027920753,2,G01,2.822578811
2020-01-03 03:10:00+00:00,-5.927645605,24.62126378,38.32653863,53.12118112,51.51778122,109.8244542,48.39520678,48.03317778,34.9375,-8.02567456,2,G01,2.761704915
2020-01-03 03:20:00+00:00,-5.429417363,24.8351711,38.107368,52.791447,51.4015536,113.1607135,47.8416373,47.4990873,35.4375,-8.723959974,2,G01,3.170020916
2020-01-03 03:30:00+00:00,-5.217448463,25.18175425,37.95278271,52.528242,51.193174,109.56513,47.38400275,47.044652,35.83035714,-7.771769637,2,G01,2.809563021
2020-01-03 03:40:00+00:00,-5.933143468,25.4311234,37.8251909,52.3548387,51.2608277,93.6117252,46.9322293,46.5879481,36.19300391,-8.262516963,2,G01,2.921894632
2020-01-03 03:50:00+00:00,-5.403594847,25.53505389,37.686335,52.06567529,50.93753889,68.80874444,46.50695122,46.15686022,36.5772845,-7.967331384,2,G01,2.896331421
2020-01-03 04:00:00+00:00,-6.324136941,26.06080313,37.560277,51.804016,50.55371688,93.50007938,46.24628513,45.8786955,36.79034275,-9.265565894,3,G01,3.036564576
2020-01-03 04:10:00+00:00,-6.368840164,26.7495945,37.46202917,51.71639067,50.78931,106.6015032,45.75493883,45.37503467,37.15625,-7.991906686,2,G01,2.784271293
2020-01-03 04:20:00+00:00,-5.8793473,26.95393029,37.36304871,51.50835764,50.4262875,85.89196107,45.43293893,45.04527929,37.40160357,-7.844897816,3,G01,2.843031463
2020-01-03 04:30:00+00:00,-6.02978302,27.04958656,37.42156281,52.449558,50.89186344,703.3286547,45.05289019,44.67611681,37.6132385,-8.4832842,4,G01,3.102989845
2020-01-03 04:40:00+00:00,15.64981585,27.42522578,37.90496033,54.76424444,51.71365156,943.7395033,44.32604989,44.06671,37.82638889,-2.877799524,3,G01,3.033511653
2020-01-03 04:50:00+00:00,11.88662173,27.6375141,38.05240389,54.99459689,51.73362655,542.9485358,45.35241725,45.00648455,37.08822989,-1.931830741,2,G01,3.939868268
2020-01-03 05:00:00+00:00,9.081385011,27.48188295,38.1966048,55.8480027,52.33199425,756.6523925,46.39756885,45.9824419,36.77420485,-0.369191705,3,G01,3.264499884
2020-01-03 05:10:00+00:00,4.036851925,27.94812815,38.298654,55.9042089,52.30368,481.5264584,47.5017605,47.04910515,36.6529189,-3.886138112,2,G01,3.338394865
2020-01-03 05:20:00+00:00,37.10911133,28.0317382,38.28187305,56.1355341,52.58211005,874.7208868,48.0704506,47.6210341,36.9968423,4.694708439,3,G01,3.405233156
2020-01-03 05:30:00+00:00,-5.808734555,28.8480854,38.3924257,56.0607642,52.3935542,200.7270427,49.5232587,49.00994955,36.90949385,-6.993283165,2,G01,2.343349935
2020-01-03 05:40:00+00:00,-5.9572619,28.87210442,38.14995373,54.72969355,51.97864958,247.9291912,49.45913925,48.97595225,37.78990218,-8.847167987,3,G01,3.063086507
2020-01-03 05:50:00+00:00,1.22126576,29.0414374,38.2866748,55.6107213,52.5571267,383.0174282,49.3932278,48.9727105,38.0314306,-5.661904085,2,G01,3.0762749
2020-01-03 06:00:00+00:00,-5.141403422,29.47202556,38.38106963,56.01463875,52.91211933,832.9450267,49.18952633,48.8283,38.5390625,-2.052776875,3,G01,2.965527628
2020-01-03 06:10:00+00:00,-4.91151883,30.00234456,38.34452756,55.05349578,51.99786378,53.06871811,49.35565278,48.99999156,38.59722222,-7.969335615,1,G01,2.450974835
2020-01-03 06:20:00+00:00,-4.915875371,30.03975089,38.153686,54.06548563,51.83575889,66.36105978,49.22155967,48.86424533,39.234375,-7.9278597,1,G01,2.597929265
2020-01-03 06:30:00+00:00,-5.302315937,30.2136084,38.051927,53.6258925,51.5784462,57.31559846,49.0489196,48.6926157,39.643931,-8.027867084,2,G01,2.691994595
2020-01-03 06:40:00+00:00,-4.58470676,31.25864533,37.916147,53.15030037,51.08572589,11.40561044,48.90696644,48.53462722,40.08264063,-7.880814695,103,G01,2.1450649
2020-01-03 06:50:00+00:00,-4.919603922,30.34052544,37.86183111,53.00453456,51.03411811,44.74966589,48.77642878,48.38327556,40.38341344,-8.004428705,82,G01,2.115026216
2020-01-03 07:00:00+00:00,-5.165345614,30.5390175,37.72273733,52.64067467,50.713675,1.466178556,48.649637,48.2181692,40.73611111,-9.782211295,162,G01,1.993247497
2020-01-03 07:10:00+00:00,-5.534487306,31.30473889,37.65762911,52.42830756,50.50741167,29.45738911,48.52844367,48.06142722,41.000016,-10.131124,28,G01,2.218949894
2020-01-03 07:20:00+00:00,-5.888604289,31.5116674,37.61955911,52.26734078,50.3409258,13.63422326,48.4002191,47.9082402,41.32939575,-12.02628867,171,G01,2.311366572
2020-01-03 07:30:00+00:00,-5.894277911,31.2607499,37.5732766,52.1023328,50.1652188,8.8643571,48.292339,47.760872,41.580319,-11.22794576,103,G01,2.629331511
2020-01-03 07:40:00+00:00,-5.840452558,31.504861,37.502692,51.86684943,49.98089489,0,48.18267333,47.61363856,41.88404243,-11.48489826,299,G01,2.144405132
2020-01-03 07:50:00+00:00,-6.786106663,31.8073004,37.4934583,51.7911346,49.8832862,19.5238755,48.0764821,47.4668988,42.1326054,-13.12596684,103,G01,2.181442005
2020-01-03 08:00:00+00:00,-5.118655405,32.62649444,37.510558,51.77630957,49.86617267,12.43592641,47.95658789,47.324435,42.38393714,-9.26303317,162,G01,1.850094935
2020-01-03 08:10:00+00:00,-4.810036833,32.16649011,37.49354311,51.66715033,49.674764,5.576908225,47.84787922,47.18808022,42.625,-8.024454067,220,G01,2.069644367
2020-01-03 08:20:00+00:00,-6.299799258,32.13803522,37.48146111,51.64126889,49.58769811,7.349884389,47.75512744,47.06543533,42.8750008,-12.80673559,47,G01,2.468447232
2020-01-03 08:30:00+00:00,-5.11128941,32.1587528,37.50698211,51.67877578,49.678115,27.2426404,47.6322227,46.9305917,43.10387,-9.49778945,55,G01,2.35997991
2020-01-03 08:40:00+00:00,-6.642389165,32.33635833,37.49170478,51.57210578,49.71376,13.445985,47.52296933,46.80356222,43.34375,-12.07187806,111,G01,2.967964553
2020-01-03 08:50:00+00:00,-4.987181928,32.3254008,37.5464301,51.6174748,49.8444104,67.7358088,47.4054734,46.6915649,43.55357143,-7.693289589,2,G01,2.311727656
2020-01-03 09:00:00+00:00,-5.445558655,31.56284467,37.61322075,51.82730313,50.58663644,117.654008,47.22039767,46.54548233,43.74083114,-7.723177455,2,G01,3.00127489
2020-01-03 09:10:00+00:00,-5.329328921,31.5564963,37.6442857,51.7768147,50.3439428,66.3555039,47.0518491,46.4044515,43.8962749,-7.781184232,1,G01,2.575805137
2020-01-03 09:20:00+00:00,-5.628332445,32.51135,37.63932113,51.62178387,50.04582756,37.66197882,46.92916433,46.28923644,44.070081,-9.8671045,1,G01,2.406549875
2020-01-03 09:30:00+00:00,-5.545056395,32.1265415,37.65503429,51.63227314,50.117931,34.22641625,46.83948363,46.2098305,44.16071429,-9.548102579,1,G01,2.202741984
2020-01-03 09:40:00+00:00,-5.043121911,31.8981052,37.6615859,51.5983765,50.137809,54.021901,46.7306585,46.1137332,44.31802727,-9.054447833,1,G01,2.108377667
2020-01-03 09:50:00+00:00,-4.829960475,32.33822656,37.65787663,51.52438263,49.92217356,21.6023582,46.64212167,46.03127311,44.44575429,-9.1676976,69,G01,2.312739895
2020-01-03 10:00:00+00:00,-6.116613684,32.0068045,37.6578334,51.4830362,49.9295333,66.41011933,46.5495854,45.9457417,44.58125,-9.348583289,2,G01,2.400352521
2020-01-03 10:10:00+00:00,-5.614100867,31.83641489,37.67608625,51.55883725,50.084148,65.676379,46.42274678,45.85151689,44.70311925,-10.19316419,2,G01,2.254160994
2020-01-03 10:20:00+00:00,-5.750603184,32.0595819,37.6775927,51.5149263,49.9488394,52.0922612,46.3184481,45.762417,44.786316,-9.603130237,2,G01,2.281957768
2020-01-03 10:30:00+00:00,-5.199910047,32.3822916,37.65940122,51.39371378,49.822406,13.66590885,46.230331,45.6818367,44.88151044,-9.644619211,103,G01,1.683473642
2020-01-03 10:40:00+00:00,-4.8781266,32.06904456,37.62294978,51.25917278,49.74904189,1.378348278,46.16956733,45.61222856,44.97222267,-9.630697111,308,G01,1.58372215
2020-01-03 10:50:00+00:00,-5.339807326,31.9663186,37.60401678,51.16442767,49.5597665,1.44637103,46.1070958,45.5428053,45.07636944,-11.09858539,320,G01,2.036378847
2020-01-03 11:00:00+00:00,-5.767422535,32.08438456,37.5864115,51.13845775,49.44823833,13.15044348,46.04008011,45.47068289,45.13300563,-11.6696358,205,G01,1.816034895
2020-01-03 11:10:00+00:00,-6.00497126,32.30669075,37.56849957,51.07999986,49.42162463,1.475215667,45.97418413,45.40089775,45.1875,-12.1726306,512,G01,1.26727998
2020-01-03 12:50:00+00:00,184.992405,29.738005,38.23208425,56.14720375,51.81257825,1030.094675,49.26583475,48.5341675,40.7331225,35.39964975,2,G01,4.30229975
2020-01-03 13:00:00+00:00,167.055466,29.5587963,38.5232252,58.2386832,52.1201673,1029.87175,51.6090983,50.7957634,39.59375,33.70027235,2,G01,4.400169795
2020-01-03 13:10:00+00:00,171.0524411,29.47877011,38.740404,58.53951567,52.256702,1029.899133,53.04877256,52.21058033,39.08461444,33.78896716,2,G01,4.261599811
2020-01-03 13:20:00+00:00,155.819201,29.4147399,38.91715,58.9243099,52.4455583,1029.98927,54.1107764,53.2536921,38.8259923,30.59033745,2,G01,4.42938982
2020-01-03 13:30:00+00:00,191.17315,29.34497411,39.07573544,59.29677967,52.58370956,1029.997611,54.98117844,54.11271556,38.65249256,38.27255,2,G01,4.623158612
2020-01-03 13:40:00+00:00,230.692385,29.2881576,39.2280028,59.8847102,52.8736735,1029.92077,55.8248223,54.9607103,38.5375,46.3907986,2,G01,4.94930975
2020-01-03 13:50:00+00:00,234.55275,29.25661956,39.36249222,60.27062722,53.12233456,1030.029578,56.72037322,55.86390022,38.45138889,46.62830255,2,G01,4.92894973
2020-01-03 14:00:00+00:00,248.0479245,29.22052467,39.47441829,60.47306686,53.37640433,1039.275967,57.32411911,56.46689156,38.4375,49.37627215,2,G01,4.99601479
2020-01-03 14:10:00+00:00,560.5356839,28.7401402,39.6894004,62.7838081,53.873277,1202.83405,59.2976991,58.4683896,38.3876297,113.9512304,2,G01,5.762699828
2020-01-03 14:20:00+00:00,510.8956775,28.280209,39.88796529,63.61450571,54.65761863,1175.917325,61.14693125,60.3661665,38.375,102.7494257,2,G01,6.043614845
2020-01-03 14:30:00+00:00,1023.299436,27.98131292,40.6025623,66.991285,55.93525267,1494.84165,64.38067417,63.67028508,38.3686603,204.3730589,2,G01,7.549660744
2020-01-03 14:40:00+00:00,1359.24764,27.76250185,41.83375785,69.8719855,57.90313955,1626.229375,70.61232705,70.1008283,38.220988,274.9288845,,G01,8.326659445
2020-01-03 14:50:00+00:00,1290.269189,27.72779994,42.67267706,69.53354394,57.44054372,1593.250106,74.53539189,74.09013028,38.00346889,261.1459489,2,G01,8.298743867
2020-01-03 15:00:00+00:00,1356.85147,27.5233174,43.48009456,69.86832644,57.8203845,1625.41642,78.287745,77.8507042,37.85388144,276.1070935,2,G01,8.6570592
2020-01-03 15:10:00+00:00,1138.110868,27.34860956,43.86824975,69.35140425,57.36596067,1534.886089,79.93795867,79.48241378,37.7904685,233.3744253,2,G01,7.864889337
2020-01-03 15:20:00+00:00,976.1665042,27.1932235,44.0033325,68.129431,56.5902213,1457.36604,79.3637559,78.8296734,37.6799038,196.9607405,2,G01,7.156368316
2020-01-03 15:30:00+00:00,900.2615453,27.10933689,44.00276313,66.94721013,55.921351,1418.272522,78.25896033,77.64951422,37.5234475,182.1836395,2,G01,7.307141847
2020-01-03 15:40:00+00:00,771.9903332,26.9539683,43.9020579,65.7568716,55.3020776,1357.54154,76.8861567,76.2658637,37.36875,155.3290784,2,G01,7.156857647
2020-01-03 15:50:00+00:00,741.4789244,26.87030413,43.70520943,66.395948,56.17753238,1330.43885,75.56873425,74.9032775,37.40178571,151.9662706,2,G01,6.701422028
2020-01-03 16:00:00+00:00,653.958821,26.7445174,43.611024,67.2619871,57.094872,1291.54245,74.7601882,74.0804562,37.4375,133.4181128,2,G01,6.454499865
2020-01-03 16:10:00+00:00,592.90486,26.652303,43.23283563,66.8338625,57.66250722,1225.888822,73.43287444,72.699728,37.4921875,118.4455706,2,G01,6.207835071
2020-01-03 16:20:00+00:00,585.8687926,26.6038671,43.063837,67.2104591,58.0897192,1238.98483,72.6301756,71.8755791,37.5,117.5211606,2,G01,6.2614683
2020-01-03 16:30:00+00:00,491.7959715,26.5805326,42.90957956,66.90370089,58.3640406,1168.82701,71.6846976,70.9279136,37.44566811,99.4161824,2,G01,6.00722994
2020-01-03 16:40:00+00:00,384.6803683,26.4756809,42.7100052,66.0062551,58.3600283,1088.06216,70.260253,69.4768666,37.4187477,79.12312239,2,G01,5.671249861
2020-01-03 16:50:00+00:00,411.6057047,26.39071008,42.55842864,65.87484818,58.27185283,1111.943733,69.15212092,68.35551408,37.33522727,84.81256584,2,G01,5.836520889
2020-01-03 17:00:00+00:00,517.6180605,26.34350055,42.50183345,66.4824316,58.34597645,1190.203225,68.74840375,67.95652935,37.28084485,104.5998191,2,G01,6.01970476
2020-01-03 17:10:00+00:00,530.1198828,26.2254901,42.5151527,67.1090819,58.59540005,1198.897945,68.68675195,67.93267205,37.18409135,107.9754322,2,G01,6.176455422
2020-01-03 17:20:00+00:00,636.8322611,26.1399898,42.53680211,67.83544867,58.7697831,1269.54323,68.5998132,67.862901,37.05556744,128.8468248,2,G01,6.564855367
2020-01-03 17:30:00+00:00,610.3173567,26.09861378,42.61034244,68.25256422,59.18996567,1243.431,68.858984,68.14708556,36.95901267,123.2204844,2,G01,6.341699717
2020-01-03 17:40:00+00:00,527.6783495,26.0035774,42.5381154,67.93708125,59.45486045,1195.36327,68.4625527,67.7256826,36.85582467,107.3260211,2,G01,6.088699821
2020-01-03 17:50:00+00:00,498.2962435,25.9213858,42.4722894,67.6227006,59.4940399,1174.84405,67.9830992,67.2194239,36.8375,100.3073154,2,G01,5.883482253
2020-01-03 18:00:00+00:00,490.8450005,25.935989,42.4114667,67.61722365,59.56732165,1164.764635,67.70114875,66.93012695,36.78228,99.18099858,2,G01,5.986473574
2020-01-03 18:10:00+00:00,477.3955975,25.84883045,42.32874715,67.39875435,59.49548445,1156.311565,67.2356826,66.4549573,36.69514556,96.79885995,2,G01,6.1371399
2020-01-03 18:20:00+00:00,479.4982784,25.68664325,42.29417338,67.53053988,59.49707175,1156.248688,67.043886,66.2562595,36.609375,96.19836074,2,G01,5.864031405
2020-01-03 18:30:00+00:00,326.46067,25.68617067,42.16950956,66.42492844,59.34136467,1037.641078,66.22567211,65.42286,36.51679,65.69288689,2,G01,5.425027533
2020-01-03 18:40:00+00:00,301.5080455,25.7025847,42.00750289,65.70528389,59.0349242,1040.02963,65.1955445,64.3721114,36.45816222,60.41250335,2,G01,5.340534855
2020-01-03 18:50:00+00:00,306.09687,25.6154592,41.8802642,65.2489539,58.6959293,1032.65663,64.2282404,63.3916545,36.3488553,62.30396447,2,G01,5.201847216
2020-01-03 19:00:00+00:00,355.47516,25.58830233,41.775722,65.34732375,58.48361122,1066.421644,63.80482811,62.99427922,36.17544075,71.82787115,2,G01,5.50725982
2020-01-03 19:10:00+00:00,359.9439528,25.574724,41.7214384,65.222605,58.3533016,1060.55909,63.5176512,62.7131662,36.0936844,72.36915337,2,G01,5.610699863
2020-01-03 19:20:00+00:00,311.0764342,25.45057611,41.64853738,64.86439813,58.12850989,1033.857722,63.05560456,62.24862567,36.00679375,63.71907842,2,G01,5.230731337
2020-01-03 19:30:00+00:00,376.6827885,25.2474342,41.6140369,64.892267,57.8938487,1084.04901,62.6805409,61.8597087,35.9260498,75.928536,2,G01,5.17257975
2020-01-03 19:40:00+00:00,350.8667328,25.04576088,41.59278186,64.80954714,57.84087888,1051.32465,62.73834525,61.94007663,35.830592,71.04328039,2,G01,5.269399839
2020-01-03 19:50:00+00:00,304.5084645,24.8840872,41.5086936,64.297887,57.5492072,1030.82547,62.2583308,61.4422594,35.73125,61.76683905,2,G01,5.28845983
2020-01-03 20:00:00+00:00,418.5209953,24.798584,41.47718967,64.629575,57.47757288,1111.25735,62.25831375,61.4423735,35.628789,84.3925114,2,G01,5.676339787
2020-01-03 20:10:00+00:00,300.8805225,24.6755221,41.4159086,64.3463534,57.3402863,1038.90093,62.0930277,61.2958187,35.525309,62.04878365,2,G01,5.183879825
2020-01-03 20:20:00+00:00,277.8908795,24.6338607,41.31602367,63.79670933,57.1151014,1030.17882,61.4556145,60.6203927,35.437466,57.49565989,2,G01,5.0214735
2020-01-03 20:30:00+00:00,194.0400695,24.6070132,41.2186666,63.0732574,56.767005,1029.8231,60.4978028,59.6454202,35.34375,39.42271825,2,G01,4.452824845
2020-01-03 20:40:00+00:00,202.8403911,24.47734577,41.12144458,62.69435433,56.43180362,1029.805454,59.54977585,58.697358,35.132177,40.94322963,2,G01,4.672347168
2020-01-03 20:50:00+00:00,229.1207267,24.38258545,41.03963345,62.62223875,56.1754519,1029.882115,59.05424395,58.2137975,34.96237905,46.18517322,2,G01,4.818116422
2020-01-03 21:00:00+00:00,196.2832665,24.3075524,40.95091804,62.30928358,55.9149472,1029.879296,58.49877204,57.66054152,34.80659476,40.0627992,2,G01,4.543664765
2020-01-03 21:10:00+00:00,167.2804537,24.23229811,40.87819861,61.75075211,55.5773355,1029.794071,57.75704446,56.91577386,34.68117633,33.90130558,2,G01,4.341036658
2020-01-03 21:20:00+00:00,208.7292263,24.14879476,40.78664592,61.80426146,55.37938648,1030.05834,57.28035252,56.44482744,34.52209852,42.22934126,2,G01,4.823873516
2020-01-03 21:30:00+00:00,216.08905,24.12338152,40.72779629,61.71474565,55.21597981,1029.9814,56.98489042,56.14902448,34.39072257,43.68811255,2,G01,4.74947981
2020-01-03 21:40:00+00:00,222.0022478,24.08918374,40.66816915,61.69304937,55.04743189,1029.928015,56.80914,55.96233707,34.289933,45.52866183,2,G01,4.902233128
2020-01-03 21:50:00+00:00,291.7585437,24.07566225,40.5925127,61.8882067,54.93495115,1030.98081,56.91420365,56.06912655,34.21565635,58.4247076,2,G01,5.175389845
2020-01-03 22:00:00+00:00,276.3326705,24.101327,40.54876695,61.9384323,54.8589535,1029.864775,57.28670175,56.43615805,34.1875,57.27980365,2,G01,5.186524845
2020-01-03 22:10:00+00:00,192.1238941,24.02996035,40.48807255,61.5470734,54.806027,1029.99342,57.09094175,56.23300725,34.1875,39.68129171,2,G01,4.518193935
2020-01-03 22:20:00+00:00,133.1057257,23.93625159,40.39012991,60.54301791,54.44935564,1030.122209,56.3018105,55.43219573,34.11365845,26.58590165,2,G01,4.13810483
2020-01-03 22:30:00+00:00,58.45359489,23.87610915,40.31949168,59.29246179,54.03578425,1029.929745,55.5625486,54.69677315,33.997378,12.94670248,2,G01,3.769310311
2020-01-03 22:40:00+00:00,54.70981844,23.83337078,40.24397044,58.33087611,53.51717322,1030.056133,54.68111,53.83328844,33.8125,11.19592688,2,G01,3.4171276
2020-01-03 22:50:00+00:00,81.4884795,23.827393,40.17229388,58.01735125,53.15481478,1030.162344,54.00359511,53.17215956,33.60239,15.83801233,2,G01,3.66756983
2020-01-03 23:00:00+00:00,47.77883782,23.80775111,40.117237,57.55722638,52.82162311,1029.946578,53.44977233,52.63066233,33.46875663,8.7639232,2,G01,3.493872094
2020-01-03 23:10:00+00:00,54.3798219,23.7951419,40.0552436,56.7752651,52.3483751,1030.06227,52.8294514,52.0220321,33.327884,10.78046721,2,G01,3.489344865
2020-01-03 23:20:00+00:00,45.53103061,23.80701522,40.00720088,56.4995935,52.01111989,1029.965467,52.34284411,51.54253167,33.21166325,9.145176579,2,G01,3.618762984
2020-01-03 23:30:00+00:00,36.77220626,23.78203236,39.94513082,55.78120873,51.54446009,1030.026264,51.76232155,50.97025618,33.07386364,7.603480653,2,G01,3.31653986
2020-01-03 23:40:00+00:00,74.30289874,23.74836233,39.91196861,55.78726144,51.37282933,1030.003039,51.42035872,50.65224306,32.97931883,14.587103,2,G01,3.783420868
2020-01-03 23:50:00+00:00,135.2746232,23.7197305,39.8688825,56.5488302,51.2544639,1029.99501,51.1326241,50.3855409,32.8814796,27.09893505,2,G01,4.33988482
2020-01-04 00:00:00+00:00,156.1630422,23.75914478,39.84348833,57.65685722,51.36479267,1030.265222,51.114773,50.37626067,32.8125,31.69950844,2,G01,4.7309109
2020-01-04 00:10:00+00:00,66.28639505,23.822546,39.8194633,56.6471155,51.2522538,1029.97384,50.8411902,50.1083895,32.7750935,12.91898568,2,G01,4.00270487
2020-01-04 00:20:00+00:00,-4.255880212,23.81231033,39.75726611,55.26065856,50.83322444,1025.433784,50.23544456,49.52682311,32.70187033,1.588987924,2,G01,3.198223394
2020-01-04 00:30:00+00:00,-6.078755165,23.8181635,39.5859783,53.7704826,50.086737,556.5941355,49.7203292,49.0492332,32.75625,-3.646811493,2,G01,3.040335165
2020-01-04 00:40:00+00:00,-5.445411595,23.7379033,39.02391067,52.19252544,49.7295442,144.163917,49.2268981,48.6762323,33.964511,-7.928797942,1,G01,3.171963037
2020-01-04 00:50:00+00:00,15.43876083,23.66775425,38.796387,51.918082,50.24586613,431.70638,48.46704075,48.028108,34.53125,-1.944389365,2,G01,3.44104984
2020-01-04 01:00:00+00:00,162.5635411,23.6386556,39.161161,56.4931592,51.5231488,1029.74887,48.7606146,48.2725828,33.549446,30.52869122,2,G01,4.241988717
2020-01-04 01:10:00+00:00,200.0399079,23.71181878,39.36085175,58.85280737,52.09278689,1030.004267,50.84536256,50.24071411,32.875,41.38957379,2,G01,4.743420853
2020-01-04 01:20:00+00:00,133.5538814,23.7273183,39.4396126,58.0987544,51.8215062,1030.14039,51.1652815,50.511862,32.5370026,26.8920016,2,G01,4.228209855
2020-01-04 01:30:00+00:00,37.86024754,24.01993538,39.45834933,56.6997135,51.46011538,1001.3089,50.70118413,50.05156838,32.36458333,7.948971576,2,G01,3.363270471
2020-01-04 01:40:00+00:00,-7.90820133,23.9991936,39.0437381,53.5102554,49.6059634,84.9081412,50.0968219,49.5292262,33.0012905,-10.4772581,3,G01,2.530944895
2020-01-04 01:50:00+00:00,-8.553624871,24.04817022,38.5155275,51.009782,48.73773856,125.3325961,49.54059056,49.080442,34.00786538,-11.1592245,2,G01,3.031517524
2020-01-04 02:00:00+00:00,-8.12645819,24.304151,38.1003198,49.3435316,48.096081,92.5317953,48.8089113,48.4301217,34.59375,-10.24959783,2,G01,2.89010486
2020-01-04 02:10:00+00:00,-5.810528772,24.59511567,37.75811875,48.56222025,47.69685133,115.0381769,48.19602667,47.84794322,34.98417,-8.348859122,2,G01,3.000627611
2020-01-04 02:20:00+00:00,-5.545774258,24.8772873,37.5227382,48.7859097,47.7586765,98.3725307,47.5282352,47.1884961,35.3437383,-8.55484483,1,G01,2.98436986
2020-01-04 02:30:00+00:00,-6.077132555,25.12685567,37.32629188,48.70823025,47.47084844,69.91126311,47.01915656,46.67353667,35.65625,-8.689795025,2,G01,2.415944875
2020-01-04 02:40:00+00:00,-5.902643311,25.3489461,37.1845428,48.5983073,47.3226115,71.0344426,46.6404491,46.2766038,35.94375,-8.8051927,2,G01,2.599031437
2020-01-04 02:50:00+00:00,-5.501265889,25.67307222,37.09810825,48.59408913,47.42514911,94.29010556,46.146465,45.76962233,36.24568913,-8.133332337,2,G01,2.5865999
2020-01-04 03:00:00+00:00,-5.746957995,26.0392352,37.0036079,48.5141806,47.2557504,89.6476697,45.7297891,45.3444582,36.4864063,-8.04096957,2,G01,2.509224885
2020-01-04 03:10:00+00:00,-5.317244953,26.33589813,36.92406614,48.53576529,47.3974715,91.2444411,45.2753775,44.88025175,36.75892857,-7.978588263,1,G01,2.587878842
2020-01-04 03:20:00+00:00,-5.321718021,26.6286222,36.8378582,48.3944564,47.1418358,73.0662814,44.9594303,44.5525846,36.9691273,-8.148895021,1,G01,2.571020911
2020-01-04 03:30:00+00:00,-5.834660732,26.83138989,36.7563135,48.31695613,47.05252767,101.1627739,44.63504711,44.21348289,37.24969725,-8.6536679,2,G01,2.818036663
2020-01-04 03:40:00+00:00,-5.928655684,27.0656385,36.7373127,48.3872318,47.2402108,95.0294702,44.249541,43.8260914,37.475,-8.506824342,2,G01,3.035478779
2020-01-04 03:50:00+00:00,-5.78796328,27.396863,36.6800365,48.312857,47.11203811,82.50744089,43.881095,43.45307756,37.75,-8.13645667,2,G01,2.52923985
2020-01-04 04:00:00+00:00,-5.632527089,27.5878765,36.6399782,48.2781441,47.1208378,114.801831,43.5832915,43.1538033,37.96875,-7.302258356,2,G01,2.912844311
2020-01-04 04:10:00+00:00,-5.666629295,28.10113325,36.5945008,48.191471,46.95694538,83.36462838,43.240589,42.8159445,38.2740296,-7.158387105,2,G01,2.522405111
2020-01-04 04:20:00+00:00,-6.198941774,28.1171395,36.5697798,48.1832389,46.904299,106.2777045,42.9969052,42.5704244,38.431253,-8.124522763,2,G01,2.951199905
2020-01-04 04:30:00+00:00,-5.985590555,28.27843425,36.54513914,48.202308,46.981405,98.910949,42.73839013,42.315044,38.65257914,-8.82793425,2,G01,2.73304482
2020-01-04 04:40:00+00:00,-5.506968828,29.05520289,36.48253511,48.02470256,46.66127589,42.95518678,42.54848333,42.117737,38.893909,-9.669555389,1,G01,2.329327628
2020-01-04 04:50:00+00:00,-5.911899016,28.99624622,36.41296663,47.868276,46.44857356,43.27512344,42.43356456,41.99106378,39.15211757,-10.21665551,1,G01,2.813094584
2020-01-04 05:00:00+00:00,-6.114370885,29.1604435,36.4056552,47.9101034,46.4927562,83.7670377,42.2599322,41.8162273,39.3818462,-10.17447745,2,G01,3.01560989
2020-01-04 05:10:00+00:00,-5.516121483,29.96659211,36.40295038,47.92966788,46.58035033,59.947766,42.04053411,41.60658144,39.65870663,-8.362866611,34,G01,2.127427672
2020-01-04 05:20:00+00:00,-6.203739158,29.781195,36.36812078,47.84339467,46.42835844,68.66562733,41.92369956,41.48017511,39.86805556,-10.62259339,33,G01,3.038768311
2020-01-04 05:30:00+00:00,-6.251996011,30.126297,36.3970553,47.9115341,46.5321257,83.4038614,41.7381858,41.3071077,40.133562,-10.20055497,1,G01,2.661577661
2020-01-04 05:40:00+00:00,-5.61117889,30.48528278,36.3959715,47.83109413,46.43192689,41.22387033,41.61055767,41.17806356,40.40625,-8.186947005,35,G01,2.261114885
2020-01-04 05:50:00+00:00,-6.048760626,30.7722151,36.4152077,47.924566,46.6233721,68.9150355,41.467532,41.045478,40.625,-9.338081558,34,G01,2.451120879
2020-01-04 06:00:00+00:00,-6.118373589,30.856743,36.40549988,47.8966775,46.57032056,79.91857978,41.35126522,40.92781756,40.859375,-9.421012072,2,G01,2.949327644
2020-01-04 06:10:00+00:00,-6.219390563,31.231939,36.43460638,47.9712,46.60140089,91.184996,41.22382933,40.81253111,41.09912875,-8.736169274,2,G01,2.742036711
2020-01-04 06:20:00+00:00,-5.818475447,30.8192656,36.4724751,48.0623013,46.8512572,93.3369705,41.0805505,40.6900962,41.319423,-8.061073479,3,G01,2.835920937
2020-01-04 06:30:00+00:00,-5.598702206,31.5028636,36.48166056,47.93896222,46.6366802,35.00527724,40.9655829,40.5910535,41.5625,-9.806466313,154,G01,2.104099894
2020-01-04 06:40:00+00:00,-5.653738689,31.4613535,36.4859958,47.957629,46.6997635,83.4195169,40.8937102,40.5198361,41.78125,-8.909324158,2,G01,2.686910379
2020-01-04 06:50:00+00:00,-5.73044924,31.87046178,36.51050825,47.99145163,46.69361556,46.69638111,40.79303289,40.43026711,42.02370688,-8.32291895,1,G01,2.4084449
2020-01-04 07:00:00+00:00,-6.286799417,32.2676854,36.5352791,47.9488323,46.5635723,17.1700926,40.7393813,40.381588,42.2251286,-11.06248937,1,G01,2.074089395
2020-01-04 07:10:00+00:00,-5.774285005,33.26806225,36.54156629,47.87885171,46.45545775,5.5493655,40.708804,40.36768725,42.46578313,-9.084403553,161,G01,1.787320968
2020-01-04 07:20:00+00:00,-6.518716885,32.7639726,36.5505107,47.907788,46.4233877,22.4885204,40.7171029,40.4697506,42.671876,-9.9080473,111,G01,2.29597486
2020-01-04 07:30:00+00:00,-5.813533939,33.12821467,36.61207288,48.00474,46.46773911,29.48293728,40.74001789,40.63177989,42.8594246,-8.765107189,1,G01,2.212105406
2020-01-04 07:40:00+00:00,-5.59007205,32.4186262,36.6450039,48.0015722,46.368971,16.7766535,40.7984926,40.8366271,43.09375,-7.825443295,135,G01,1.86328993
2020-01-04 07:50:00+00:00,-6.274858263,32.46613233,36.66651425,48.05269213,46.41605433,19.95785086,40.88104956,41.02754789,43.28389375,-8.418160147,1,G01,2.601594626
2020-01-04 08:00:00+00:00,-6.39626575,32.6447327,36.7037895,48.0902795,46.4316537,33.1339507,40.9723165,41.2231204,43.4947495,-9.561680365,78,G01,2.45030987
2020-01-04 08:10:00+00:00,-4.957082742,32.31587525,36.75225671,48.24457386,46.79335913,45.40047722,41.05533863,41.38985162,43.66237,-7.507134995,1,G01,2.500826195
2020-01-04 08:20:00+00:00,-6.42706905,33.4040797,36.7747785,48.2478358,46.7446097,40.51268956,41.1267655,41.4929557,43.8374927,-9.601264028,41,G01,2.341611
2020-01-04 08:30:00+00:00,-5.630552365,33.10884533,36.809446,48.29784338,46.77664,51.93467767,41.19605922,41.58542344,43.9921875,-8.693843335,2,G01,2.3890299
2020-01-04 08:40:00+00:00,-5.661923179,32.7318772,36.847123,48.3799184,46.9103641,56.7352364,41.2607537,41.6801242,44.16875,-9.282175047,1,G01,2.056720989
2020-01-04 08:50:00+00:00,-5.69636335,32.44972878,36.86583738,48.3575765,46.89277122,15.09407111,41.31372278,41.70453322,44.296875,-8.669249294,38,G01,2.051016544
2020-01-04 09:00:00+00:00,-5.920964811,33.7292999,36.8757207,48.3465978,46.8255222,16.29388816,41.3836138,41.755525,44.45,-9.242089332,274,G01,1.980963074
2020-01-04 09:10:00+00:00,-5.75415733,33.05540878,36.88253725,48.39108525,46.94671978,80.26537724,41.46110311,41.87656156,44.5919925,-7.882456665,92,G01,2.494729875
2020-01-04 09:20:00+00:00,-5.415759,32.7154926,36.9355552,48.630457,47.3332183,63.66185533,41.4979863,41.9413095,44.725,-8.227716472,1,G01,2.106577661
2020-01-04 09:30:00+00:00,-6.714746947,33.2613173,36.962341,48.54896825,47.1339159,37.83680136,41.5488016,41.9656473,44.83665256,-11.51948629,1,G01,1.948810389
2020-01-04 09:40:00+00:00,-5.925500845,33.91349235,36.9668069,48.49239515,47.0136277,5.648380747,41.60984745,42.0364113,44.9535485,-10.20965553,257,G01,1.985299865
2020-01-04 09:50:00+00:00,-6.139245795,33.71489705,36.9629674,48.4603535,47.0866022,1.48164976,41.71074025,42.1936705,45.0823134,-9.628422842,288,G01,1.947252558
2020-01-04 10:00:00+00:00,-7.525550639,33.1235062,36.98431235,48.46270165,46.97473255,3.04341275,41.8284749,42.36667385,45.21555915,-11.41302878,200,G01,2.096499917
2020-01-04 10:10:00+00:00,-6.149388575,33.03395015,37.02129785,48.5431097,46.97025285,40.48255268,41.93886175,42.5339921,45.3499965,-11.19312408,1,G01,2.206374885
2020-01-04 10:20:00+00:00,-5.495158337,33.58774109,37.06368359,48.70012573,47.29270857,55.50629852,42.00349052,42.62496474,45.46906305,-9.887374395,2,G01,2.238541995
2020-01-04 10:30:00+00:00,-5.99273227,34.02972023,37.08312493,48.64888707,47.1288118,14.5350884,42.06044207,42.6556986,45.5726495,-12.24677753,512,G01,1.61092992
2020-01-04 10:40:00+00:00,-6.719295026,34.01215417,37.0933051,48.56924127,47.09540147,7.457335332,42.14284243,42.68299893,45.67488873,-12.21957642,257,G01,2.163463053
2020-01-04 10:50:00+00:00,-5.942017867,33.70711291,37.1325049,48.7079366,47.26969909,61.46589564,42.19947818,42.72659218,45.775,-10.83759,3,G01,2.207505439
2020-01-04 11:00:00+00:00,-6.024204063,32.86005622,37.16126344,48.815896,47.46924467,89.96840889,42.21924656,42.75009278,45.87647,-11.34816855,2,G01,2.725568279
2020-01-04 11:10:00+00:00,57.02693336,32.2239818,37.27156544,50.33966833,48.2229762,610.5380249,42.3545889,42.7551732,45.68739611,8.94806365,3,G01,3.825384845
2020-01-04 11:20:00+00:00,267.8472142,31.27698733,37.64579133,55.24822933,49.50061244,1033.498856,45.26486189,45.18065311,43.52261433,52.94933042,2,G01,4.761389311
2020-01-04 11:30:00+00:00,333.4711072,30.7613603,38.04561756,58.14355322,50.5584785,1062.18306,49.6815569,49.182162,42.08339111,67.85013217,2,G01,5.084205406
2020-01-04 11:40:00+00:00,220.1137742,30.64662189,38.29889038,58.34106013,51.17812756,1030.821789,52.18289122,51.50042511,41.78904875,44.249652,2,G01,4.55885982
2020-01-04 11:50:00+00:00,205.7430394,30.40316,38.5204727,58.8828266,51.6704313,1029.81979,54.073789,53.2916046,41.6543125,41.46702017,2,G01,4.390955367
2020-01-04 12:00:00+00:00,156.1573609,30.38024667,38.6929465,58.48202088,51.90167433,1030.024933,54.91324189,54.08683367,41.5546875,32.01591958,2,G01,4.251022083
2020-01-04 12:10:00+00:00,153.5622429,30.1801645,38.8662741,58.6066294,52.12803,1030.07975,55.5580464,54.7352863,41.3877434,30.47134615,2,G01,4.373854855
2020-01-04 12:20:00+00:00,142.8709621,30.02792557,39.0144165,58.49847883,52.28341186,1029.746443,55.89437129,55.06791414,41.19869833,29.02223578,2,G01,4.051483117
2020-01-04 12:30:00+00:00,188.0081028,29.9262149,39.14386356,59.23008867,52.5052007,1030.01595,56.5479125,55.7032184,41.03471289,38.43932083,2,G01,4.461622089
2020-01-04 12:40:00+00:00,235.7950607,29.77759205,39.2828454,59.55463165,52.7851543,1030.21693,57.3502849,56.49037385,40.92178725,46.81583685,2,G01,4.69123979
